# FUND scenario,
4,~Gamma(5.8284;0.2071)
12,~Gamma(5.8284;0.2071)
20,~Gamma(5.8284;0.2071)
24,~Gamma(5.8284;0.2071)
28,~Gamma(5.8284;0.2071)
31,~Gamma(5.8284;0.2071)
44,~Gamma(5.8284;0.2071)
48,~Gamma(5.8284;0.2071)
51,~Gamma(5.8284;0.2071)
52,~Gamma(5.8284;0.2071)
60,~Gamma(5.8284;0.2071)
64,~Gamma(5.8284;0.2071)
72,~Gamma(5.8284;0.2071)
84,~Gamma(5.8284;0.2071)
90,~Gamma(5.8284;0.2071)
92,~Gamma(5.8284;0.2071)
96,~Gamma(5.8284;0.2071)
104,~Gamma(5.8284;0.2071)
108,~Gamma(5.8284;0.2071)
112,~Gamma(5.8284;0.2071)
116,~Gamma(5.8284;0.2071)
120,~Gamma(5.8284;0.2071)
132,~Gamma(5.8284;0.2071)
136,~Gamma(5.8284;0.2071)
140,~Gamma(5.8284;0.2071)
148,~Gamma(5.8284;0.2071)
174,~Gamma(5.8284;0.2071)
178,~Gamma(5.8284;0.2071)
180,~Gamma(5.8284;0.2071)
188,~Gamma(5.8284;0.2071)
192,~Gamma(5.8284;0.2071)
196,~Gamma(5.8284;0.2071)
212,~Gamma(5.8284;0.2071)
214,~Gamma(5.8284;0.2071)
226,~Gamma(5.8284;0.2071)
231,~Gamma(5.8284;0.2071)
232,~Gamma(5.8284;0.2071)
234,~Gamma(5.8284;0.2071)
242,~Gamma(5.8284;0.2071)
254,~Gamma(5.8284;0.2071)
262,~Gamma(5.8284;0.2071)
266,~Gamma(5.8284;0.2071)
268,~Gamma(5.8284;0.2071)
270,~Gamma(5.8284;0.2071)
275,~Gamma(5.8284;0.2071)
288,~Gamma(5.8284;0.2071)
304,~Gamma(5.8284;0.2071)
308,~Gamma(5.8284;0.2071)
324,~Gamma(5.8284;0.2071)
328,~Gamma(5.8284;0.2071)
332,~Gamma(5.8284;0.2071)
352,~Gamma(5.8284;0.2071)
368,~Gamma(5.8284;0.2071)
376,~Gamma(5.8284;0.2071)
384,~Gamma(5.8284;0.2071)
388,~Gamma(5.8284;0.2071)
408,~Gamma(5.8284;0.2071)
414,~Gamma(5.8284;0.2071)
418,~Gamma(5.8284;0.2071)
422,~Gamma(5.8284;0.2071)
430,~Gamma(5.8284;0.2071)
434,~Gamma(5.8284;0.2071)
438,~Gamma(5.8284;0.2071)
442,~Gamma(5.8284;0.2071)
450,~Gamma(5.8284;0.2071)
454,~Gamma(5.8284;0.2071)
466,~Gamma(5.8284;0.2071)
470,~Gamma(5.8284;0.2071)
478,~Gamma(5.8284;0.2071)
480,~Gamma(5.8284;0.2071)
498,~Gamma(5.8284;0.2071)
499,~Gamma(5.8284;0.2071)
500,~Gamma(5.8284;0.2071)
512,~Gamma(5.8284;0.2071)
516,~Gamma(5.8284;0.2071)
548,~Gamma(5.8284;0.2071)
554,~Gamma(5.8284;0.2071)
562,~Gamma(5.8284;0.2071)
583,~Gamma(5.8284;0.2071)
585,~Gamma(5.8284;0.2071)
598,~Gamma(5.8284;0.2071)
624,~Gamma(5.8284;0.2071)
626,~Gamma(5.8284;0.2071)
630,~Gamma(5.8284;0.2071)
634,~Gamma(5.8284;0.2071)
638,~Gamma(5.8284;0.2071)
646,~Gamma(5.8284;0.2071)
654,~Gamma(5.8284;0.2071)
659,~Gamma(5.8284;0.2071)
662,~Gamma(5.8284;0.2071)
670,~Gamma(5.8284;0.2071)
674,~Gamma(5.8284;0.2071)
678,~Gamma(5.8284;0.2071)
682,~Gamma(5.8284;0.2071)
686,~Gamma(5.8284;0.2071)
690,~Gamma(5.8284;0.2071)
694,~Gamma(5.8284;0.2071)
702,~Gamma(5.8284;0.2071)
706,~Gamma(5.8284;0.2071)
716,~Gamma(5.8284;0.2071)
736,~Gamma(5.8284;0.2071)
740,~Gamma(5.8284;0.2071)
748,~Gamma(5.8284;0.2071)
760,~Gamma(5.8284;0.2071)
762,~Gamma(5.8284;0.2071)
768,~Gamma(5.8284;0.2071)
776,~Gamma(5.8284;0.2071)
780,~Gamma(5.8284;0.2071)
788,~Gamma(5.8284;0.2071)
795,~Gamma(5.8284;0.2071)
796,~Gamma(5.8284;0.2071)
800,~Gamma(5.8284;0.2071)
831,~Gamma(5.8284;0.2071)
833,~Gamma(5.8284;0.2071)
854,~Gamma(5.8284;0.2071)
882,~Gamma(5.8284;0.2071)
887,~Gamma(5.8284;0.2071)
894,~Gamma(5.8284;0.2071)
1000,~Gamma(5.8284;0.2071)
1001,~Gamma(5.8284;0.2071)
1002,~Gamma(5.8284;0.2071)
1003,~Gamma(5.8284;0.2071)
1004,~Gamma(5.8284;0.2071)
1005,~Gamma(5.8284;0.2071)
1006,~Gamma(5.8284;0.2071)
1007,~Gamma(5.8284;0.2071)
1008,~Gamma(5.8284;0.2071)
1009,~Gamma(5.8284;0.2071)
1010,~Gamma(5.8284;0.2071)
1011,~Gamma(5.8284;0.2071)
1012,~Gamma(5.8284;0.2071)
1013,~Gamma(5.8284;0.2071)
1014,~Gamma(5.8284;0.2071)
1015,~Gamma(5.8284;0.2071)
1016,~Gamma(5.8284;0.2071)
1017,~Gamma(5.8284;0.2071)
1018,~Gamma(5.8284;0.2071)
1019,~Gamma(5.8284;0.2071)
1020,~Gamma(5.8284;0.2071)
1021,~Gamma(5.8284;0.2071)
1022,~Gamma(5.8284;0.2071)
1023,~Gamma(5.8284;0.2071)
1024,~Gamma(5.8284;0.2071)
1025,~Gamma(5.8284;0.2071)
1026,~Gamma(5.8284;0.2071)
1027,~Gamma(5.8284;0.2071)
1028,~Gamma(5.8284;0.2071)
1029,~Gamma(5.8284;0.2071)
1030,~Gamma(5.8284;0.2071)
1031,~Gamma(5.8284;0.2071)
1032,~Gamma(5.8284;0.2071)
1033,~Gamma(5.8284;0.2071)
1034,~Gamma(5.8284;0.2071)
1035,~Gamma(5.8284;0.2071)
1036,~Gamma(5.8284;0.2071)
1037,~Gamma(5.8284;0.2071)
1038,~Gamma(5.8284;0.2071)
1039,~Gamma(5.8284;0.2071)
1040,~Gamma(5.8284;0.2071)
1041,~Gamma(5.8284;0.2071)
1042,~Gamma(5.8284;0.2071)
1043,~Gamma(5.8284;0.2071)
1044,~Gamma(5.8284;0.2071)
1045,~Gamma(5.8284;0.2071)
1046,~Gamma(5.8284;0.2071)
1047,~Gamma(5.8284;0.2071)
1048,~Gamma(5.8284;0.2071)
1049,~Gamma(5.8284;0.2071)
1050,~Gamma(5.8284;0.2071)
1051,~Gamma(5.8284;0.2071)
1052,~Gamma(5.8284;0.2071)
1053,~Gamma(5.8284;0.2071)
1054,~Gamma(5.8284;0.2071)
1055,~Gamma(5.8284;0.2071)
1056,~Gamma(5.8284;0.2071)
1057,~Gamma(5.8284;0.2071)
1058,~Gamma(5.8284;0.2071)
1059,~Gamma(5.8284;0.2071)
1060,~Gamma(5.8284;0.2071)
1061,~Gamma(5.8284;0.2071)
1062,~Gamma(5.8284;0.2071)
1063,~Gamma(5.8284;0.2071)
1064,~Gamma(5.8284;0.2071)
1065,~Gamma(5.8284;0.2071)
1066,~Gamma(5.8284;0.2071)
1067,~Gamma(5.8284;0.2071)
1068,~Gamma(5.8284;0.2071)
1069,~Gamma(5.8284;0.2071)
1070,~Gamma(5.8284;0.2071)
1071,~Gamma(5.8284;0.2071)
1072,~Gamma(5.8284;0.2071)
1073,~Gamma(5.8284;0.2071)
1074,~Gamma(5.8284;0.2071)
1075,~Gamma(5.8284;0.2071)
1076,~Gamma(5.8284;0.2071)
1077,~Gamma(5.8284;0.2071)
1078,~Gamma(5.8284;0.2071)
1079,~Gamma(5.8284;0.2071)
1080,~Gamma(5.8284;0.2071)
1081,~Gamma(5.8284;0.2071)
1082,~Gamma(5.8284;0.2071)
1083,~Gamma(5.8284;0.2071)
1084,~Gamma(5.8284;0.2071)
1085,~Gamma(5.8284;0.2071)
1086,~Gamma(5.8284;0.2071)
1087,~Gamma(5.8284;0.2071)
1088,~Gamma(5.8284;0.2071)
1089,~Gamma(5.8284;0.2071)
1090,~Gamma(5.8284;0.2071)
1091,~Gamma(5.8284;0.2071)
1092,~Gamma(5.8284;0.2071)
1093,~Gamma(5.8284;0.2071)
1094,~Gamma(5.8284;0.2071)
1095,~Gamma(5.8284;0.2071)
1096,~Gamma(5.8284;0.2071)
1097,~Gamma(5.8284;0.2071)
1098,~Gamma(5.8284;0.2071)
1099,~Gamma(5.8284;0.2071)
1100,~Gamma(5.8284;0.2071)
1101,~Gamma(5.8284;0.2071)
1102,~Gamma(5.8284;0.2071)
1103,~Gamma(5.8284;0.2071)
1104,~Gamma(5.8284;0.2071)
1105,~Gamma(5.8284;0.2071)
1106,~Gamma(5.8284;0.2071)
1107,~Gamma(5.8284;0.2071)
1108,~Gamma(5.8284;0.2071)
1109,~Gamma(5.8284;0.2071)
1110,~Gamma(5.8284;0.2071)
1111,~Gamma(5.8284;0.2071)
1112,~Gamma(5.8284;0.2071)
1113,~Gamma(5.8284;0.2071)
1114,~Gamma(5.8284;0.2071)
1115,~Gamma(5.8284;0.2071)
1116,~Gamma(5.8284;0.2071)
1117,~Gamma(5.8284;0.2071)
1118,~Gamma(5.8284;0.2071)
1119,~Gamma(5.8284;0.2071)
1120,~Gamma(5.8284;0.2071)
1121,~Gamma(5.8284;0.2071)
1122,~Gamma(5.8284;0.2071)
1123,~Gamma(5.8284;0.2071)
1124,~Gamma(5.8284;0.2071)
1125,~Gamma(5.8284;0.2071)
1126,~Gamma(5.8284;0.2071)
1127,~Gamma(5.8284;0.2071)
1128,~Gamma(5.8284;0.2071)
1129,~Gamma(5.8284;0.2071)
1130,~Gamma(5.8284;0.2071)
1131,~Gamma(5.8284;0.2071)
1132,~Gamma(5.8284;0.2071)
1133,~Gamma(5.8284;0.2071)
1134,~Gamma(5.8284;0.2071)
1135,~Gamma(5.8284;0.2071)
1136,~Gamma(5.8284;0.2071)
1137,~Gamma(5.8284;0.2071)
1138,~Gamma(5.8284;0.2071)
1139,~Gamma(5.8284;0.2071)
1140,~Gamma(5.8284;0.2071)
1141,~Gamma(5.8284;0.2071)
1142,~Gamma(5.8284;0.2071)
1143,~Gamma(5.8284;0.2071)
1144,~Gamma(5.8284;0.2071)
1145,~Gamma(5.8284;0.2071)
1146,~Gamma(5.8284;0.2071)
1147,~Gamma(5.8284;0.2071)
1148,~Gamma(5.8284;0.2071)
1149,~Gamma(5.8284;0.2071)
1150,~Gamma(5.8284;0.2071)
1151,~Gamma(5.8284;0.2071)
1152,~Gamma(5.8284;0.2071)
1153,~Gamma(5.8284;0.2071)
1154,~Gamma(5.8284;0.2071)
1155,~Gamma(5.8284;0.2071)
1156,~Gamma(5.8284;0.2071)
1157,~Gamma(5.8284;0.2071)
1158,~Gamma(5.8284;0.2071)
1159,~Gamma(5.8284;0.2071)
1160,~Gamma(5.8284;0.2071)
1161,~Gamma(5.8284;0.2071)
1162,~Gamma(5.8284;0.2071)
1163,~Gamma(5.8284;0.2071)
1164,~Gamma(5.8284;0.2071)
1165,~Gamma(5.8284;0.2071)
1166,~Gamma(5.8284;0.2071)
1167,~Gamma(5.8284;0.2071)
1168,~Gamma(5.8284;0.2071)
1169,~Gamma(5.8284;0.2071)
1170,~Gamma(5.8284;0.2071)
1171,~Gamma(5.8284;0.2071)
1172,~Gamma(5.8284;0.2071)
1173,~Gamma(5.8284;0.2071)
1174,~Gamma(5.8284;0.2071)
1175,~Gamma(5.8284;0.2071)
1176,~Gamma(5.8284;0.2071)
1177,~Gamma(5.8284;0.2071)
1178,~Gamma(5.8284;0.2071)
1179,~Gamma(5.8284;0.2071)
1180,~Gamma(5.8284;0.2071)
1181,~Gamma(5.8284;0.2071)
1182,~Gamma(5.8284;0.2071)
1183,~Gamma(5.8284;0.2071)
1184,~Gamma(5.8284;0.2071)
1185,~Gamma(5.8284;0.2071)
1186,~Gamma(5.8284;0.2071)
1187,~Gamma(5.8284;0.2071)
1188,~Gamma(5.8284;0.2071)
1189,~Gamma(5.8284;0.2071)
1190,~Gamma(5.8284;0.2071)
1191,~Gamma(5.8284;0.2071)
1192,~Gamma(5.8284;0.2071)
1193,~Gamma(5.8284;0.2071)
1194,~Gamma(5.8284;0.2071)
1195,~Gamma(5.8284;0.2071)
1196,~Gamma(5.8284;0.2071)
1197,~Gamma(5.8284;0.2071)
1198,~Gamma(5.8284;0.2071)
1199,~Gamma(5.8284;0.2071)
1200,~Gamma(5.8284;0.2071)
1201,~Gamma(5.8284;0.2071)
1202,~Gamma(5.8284;0.2071)
1203,~Gamma(5.8284;0.2071)
1204,~Gamma(5.8284;0.2071)
1205,~Gamma(5.8284;0.2071)
1206,~Gamma(5.8284;0.2071)
1207,~Gamma(5.8284;0.2071)
1208,~Gamma(5.8284;0.2071)
1209,~Gamma(5.8284;0.2071)
1210,~Gamma(5.8284;0.2071)
1212,~Gamma(5.8284;0.2071)
1213,~Gamma(5.8284;0.2071)
1214,~Gamma(5.8284;0.2071)
1215,~Gamma(5.8284;0.2071)
1216,~Gamma(5.8284;0.2071)
1217,~Gamma(5.8284;0.2071)
1218,~Gamma(5.8284;0.2071)
1219,~Gamma(5.8284;0.2071)
1220,~Gamma(5.8284;0.2071)
1221,~Gamma(5.8284;0.2071)
1222,~Gamma(5.8284;0.2071)
1223,~Gamma(5.8284;0.2071)
1224,~Gamma(5.8284;0.2071)
1225,~Gamma(5.8284;0.2071)
1226,~Gamma(5.8284;0.2071)
1227,~Gamma(5.8284;0.2071)
1228,~Gamma(5.8284;0.2071)
1229,~Gamma(5.8284;0.2071)
1230,~Gamma(5.8284;0.2071)
1231,~Gamma(5.8284;0.2071)
1232,~Gamma(5.8284;0.2071)
1233,~Gamma(5.8284;0.2071)
1234,~Gamma(5.8284;0.2071)
1235,~Gamma(5.8284;0.2071)
1236,~Gamma(5.8284;0.2071)
1237,~Gamma(5.8284;0.2071)
1238,~Gamma(5.8284;0.2071)
1239,~Gamma(5.8284;0.2071)
1240,~Gamma(5.8284;0.2071)
1241,~Gamma(5.8284;0.2071)
1242,~Gamma(5.8284;0.2071)
1243,~Gamma(5.8284;0.2071)
1244,~Gamma(5.8284;0.2071)
1245,~Gamma(5.8284;0.2071)
1246,~Gamma(5.8284;0.2071)
1247,~Gamma(5.8284;0.2071)
1248,~Gamma(5.8284;0.2071)
1249,~Gamma(5.8284;0.2071)
1250,~Gamma(5.8284;0.2071)
1251,~Gamma(5.8284;0.2071)
1252,~Gamma(5.8284;0.2071)
1253,~Gamma(5.8284;0.2071)
1254,~Gamma(5.8284;0.2071)
1255,~Gamma(5.8284;0.2071)
1256,~Gamma(5.8284;0.2071)
1257,~Gamma(5.8284;0.2071)
1258,~Gamma(5.8284;0.2071)
1259,~Gamma(5.8284;0.2071)
1260,~Gamma(5.8284;0.2071)
1261,~Gamma(5.8284;0.2071)
1262,~Gamma(5.8284;0.2071)
1263,~Gamma(5.8284;0.2071)
1265,~Gamma(5.8284;0.2071)
1266,~Gamma(5.8284;0.2071)
1267,~Gamma(5.8284;0.2071)
1268,~Gamma(5.8284;0.2071)
1269,~Gamma(5.8284;0.2071)
1270,~Gamma(5.8284;0.2071)
1271,~Gamma(5.8284;0.2071)
1272,~Gamma(5.8284;0.2071)
1273,~Gamma(5.8284;0.2071)
1274,~Gamma(5.8284;0.2071)
1275,~Gamma(5.8284;0.2071)
1276,~Gamma(5.8284;0.2071)
1277,~Gamma(5.8284;0.2071)
1278,~Gamma(5.8284;0.2071)
1279,~Gamma(5.8284;0.2071)
1280,~Gamma(5.8284;0.2071)
1281,~Gamma(5.8284;0.2071)
1282,~Gamma(5.8284;0.2071)
1283,~Gamma(5.8284;0.2071)
1284,~Gamma(5.8284;0.2071)
1285,~Gamma(5.8284;0.2071)
1286,~Gamma(5.8284;0.2071)
1287,~Gamma(5.8284;0.2071)
1288,~Gamma(5.8284;0.2071)
1289,~Gamma(5.8284;0.2071)
1290,~Gamma(5.8284;0.2071)
1291,~Gamma(5.8284;0.2071)
1292,~Gamma(5.8284;0.2071)
1293,~Gamma(5.8284;0.2071)
1294,~Gamma(5.8284;0.2071)
1295,~Gamma(5.8284;0.2071)
1296,~Gamma(5.8284;0.2071)
1297,~Gamma(5.8284;0.2071)
1298,~Gamma(5.8284;0.2071)
1299,~Gamma(5.8284;0.2071)
1300,~Gamma(5.8284;0.2071)
1301,~Gamma(5.8284;0.2071)
1302,~Gamma(5.8284;0.2071)
1303,~Gamma(5.8284;0.2071)
1304,~Gamma(5.8284;0.2071)
1305,~Gamma(5.8284;0.2071)
1306,~Gamma(5.8284;0.2071)
1307,~Gamma(5.8284;0.2071)
1308,~Gamma(5.8284;0.2071)
1309,~Gamma(5.8284;0.2071)
1310,~Gamma(5.8284;0.2071)
1311,~Gamma(5.8284;0.2071)
1312,~Gamma(5.8284;0.2071)
1313,~Gamma(5.8284;0.2071)
1314,~Gamma(5.8284;0.2071)
1315,~Gamma(5.8284;0.2071)
1316,~Gamma(5.8284;0.2071)
1317,~Gamma(5.8284;0.2071)
1318,~Gamma(5.8284;0.2071)
1319,~Gamma(5.8284;0.2071)
1320,~Gamma(5.8284;0.2071)
1321,~Gamma(5.8284;0.2071)
1322,~Gamma(5.8284;0.2071)
1323,~Gamma(5.8284;0.2071)
1324,~Gamma(5.8284;0.2071)
1325,~Gamma(5.8284;0.2071)
1326,~Gamma(5.8284;0.2071)
1327,~Gamma(5.8284;0.2071)
1328,~Gamma(5.8284;0.2071)
1329,~Gamma(5.8284;0.2071)
1330,~Gamma(5.8284;0.2071)
1331,~Gamma(5.8284;0.2071)
1332,~Gamma(5.8284;0.2071)
1333,~Gamma(5.8284;0.2071)
1334,~Gamma(5.8284;0.2071)
1335,~Gamma(5.8284;0.2071)
1336,~Gamma(5.8284;0.2071)
1337,~Gamma(5.8284;0.2071)
1338,~Gamma(5.8284;0.2071)
1339,~Gamma(5.8284;0.2071)
1340,~Gamma(5.8284;0.2071)
1341,~Gamma(5.8284;0.2071)
1342,~Gamma(5.8284;0.2071)
1343,~Gamma(5.8284;0.2071)
1344,~Gamma(5.8284;0.2071)
1345,~Gamma(5.8284;0.2071)
1346,~Gamma(5.8284;0.2071)
1347,~Gamma(5.8284;0.2071)
1348,~Gamma(5.8284;0.2071)
1349,~Gamma(5.8284;0.2071)
1350,~Gamma(5.8284;0.2071)
1351,~Gamma(5.8284;0.2071)
1352,~Gamma(5.8284;0.2071)
1353,~Gamma(5.8284;0.2071)
1354,~Gamma(5.8284;0.2071)
1355,~Gamma(5.8284;0.2071)
1356,~Gamma(5.8284;0.2071)
1357,~Gamma(5.8284;0.2071)
1358,~Gamma(5.8284;0.2071)
1359,~Gamma(5.8284;0.2071)
1360,~Gamma(5.8284;0.2071)
1361,~Gamma(5.8284;0.2071)
1362,~Gamma(5.8284;0.2071)
1363,~Gamma(5.8284;0.2071)
1364,~Gamma(5.8284;0.2071)
1365,~Gamma(5.8284;0.2071)
1366,~Gamma(5.8284;0.2071)
1367,~Gamma(5.8284;0.2071)
1368,~Gamma(5.8284;0.2071)
1369,~Gamma(5.8284;0.2071)
1370,~Gamma(5.8284;0.2071)
1371,~Gamma(5.8284;0.2071)
1372,~Gamma(5.8284;0.2071)
1373,~Gamma(5.8284;0.2071)
1374,~Gamma(5.8284;0.2071)
1375,~Gamma(5.8284;0.2071)
1376,~Gamma(5.8284;0.2071)
1377,~Gamma(5.8284;0.2071)
1378,~Gamma(5.8284;0.2071)
1379,~Gamma(5.8284;0.2071)
1380,~Gamma(5.8284;0.2071)
1381,~Gamma(5.8284;0.2071)
1382,~Gamma(5.8284;0.2071)
1383,~Gamma(5.8284;0.2071)
1384,~Gamma(5.8284;0.2071)
1385,~Gamma(5.8284;0.2071)
1386,~Gamma(5.8284;0.2071)
1387,~Gamma(5.8284;0.2071)
1388,~Gamma(5.8284;0.2071)
1389,~Gamma(5.8284;0.2071)
1390,~Gamma(5.8284;0.2071)
1391,~Gamma(5.8284;0.2071)
1392,~Gamma(5.8284;0.2071)
1393,~Gamma(5.8284;0.2071)
1394,~Gamma(5.8284;0.2071)
1395,~Gamma(5.8284;0.2071)
1396,~Gamma(5.8284;0.2071)
1397,~Gamma(5.8284;0.2071)
1398,~Gamma(5.8284;0.2071)
1399,~Gamma(5.8284;0.2071)
1400,~Gamma(5.8284;0.2071)
1401,~Gamma(5.8284;0.2071)
1402,~Gamma(5.8284;0.2071)
1403,~Gamma(5.8284;0.2071)
1404,~Gamma(5.8284;0.2071)
1405,~Gamma(5.8284;0.2071)
1406,~Gamma(5.8284;0.2071)
1407,~Gamma(5.8284;0.2071)
1408,~Gamma(5.8284;0.2071)
1409,~Gamma(5.8284;0.2071)
1410,~Gamma(5.8284;0.2071)
1411,~Gamma(5.8284;0.2071)
1412,~Gamma(5.8284;0.2071)
1413,~Gamma(5.8284;0.2071)
1414,~Gamma(5.8284;0.2071)
1415,~Gamma(5.8284;0.2071)
1416,~Gamma(5.8284;0.2071)
1417,~Gamma(5.8284;0.2071)
1418,~Gamma(5.8284;0.2071)
1419,~Gamma(5.8284;0.2071)
1420,~Gamma(5.8284;0.2071)
1421,~Gamma(5.8284;0.2071)
1422,~Gamma(5.8284;0.2071)
1423,~Gamma(5.8284;0.2071)
1424,~Gamma(5.8284;0.2071)
1425,~Gamma(5.8284;0.2071)
1426,~Gamma(5.8284;0.2071)
1427,~Gamma(5.8284;0.2071)
1428,~Gamma(5.8284;0.2071)
1429,~Gamma(5.8284;0.2071)
1430,~Gamma(5.8284;0.2071)
1431,~Gamma(5.8284;0.2071)
1432,~Gamma(5.8284;0.2071)
1433,~Gamma(5.8284;0.2071)
1434,~Gamma(5.8284;0.2071)
1435,~Gamma(5.8284;0.2071)
1436,~Gamma(5.8284;0.2071)
1437,~Gamma(5.8284;0.2071)
1438,~Gamma(5.8284;0.2071)
1439,~Gamma(5.8284;0.2071)
1440,~Gamma(5.8284;0.2071)
1441,~Gamma(5.8284;0.2071)
1442,~Gamma(5.8284;0.2071)
1443,~Gamma(5.8284;0.2071)
1444,~Gamma(5.8284;0.2071)
1445,~Gamma(5.8284;0.2071)
1446,~Gamma(5.8284;0.2071)
1447,~Gamma(5.8284;0.2071)
1448,~Gamma(5.8284;0.2071)
1449,~Gamma(5.8284;0.2071)
1450,~Gamma(5.8284;0.2071)
1451,~Gamma(5.8284;0.2071)
1452,~Gamma(5.8284;0.2071)
1453,~Gamma(5.8284;0.2071)
1454,~Gamma(5.8284;0.2071)
1455,~Gamma(5.8284;0.2071)
1456,~Gamma(5.8284;0.2071)
1457,~Gamma(5.8284;0.2071)
1458,~Gamma(5.8284;0.2071)
1459,~Gamma(5.8284;0.2071)
1460,~Gamma(5.8284;0.2071)
1461,~Gamma(5.8284;0.2071)
1462,~Gamma(5.8284;0.2071)
1463,~Gamma(5.8284;0.2071)
1464,~Gamma(5.8284;0.2071)
1465,~Gamma(5.8284;0.2071)
1466,~Gamma(5.8284;0.2071)
1467,~Gamma(5.8284;0.2071)
1468,~Gamma(5.8284;0.2071)
1469,~Gamma(5.8284;0.2071)
1470,~Gamma(5.8284;0.2071)
1471,~Gamma(5.8284;0.2071)
1472,~Gamma(5.8284;0.2071)
1473,~Gamma(5.8284;0.2071)
1474,~Gamma(5.8284;0.2071)
1475,~Gamma(5.8284;0.2071)
1476,~Gamma(5.8284;0.2071)
1477,~Gamma(5.8284;0.2071)
1478,~Gamma(5.8284;0.2071)
1479,~Gamma(5.8284;0.2071)
1480,~Gamma(5.8284;0.2071)
1481,~Gamma(5.8284;0.2071)
1482,~Gamma(5.8284;0.2071)
1483,~Gamma(5.8284;0.2071)
1484,~Gamma(5.8284;0.2071)
1485,~Gamma(5.8284;0.2071)
1486,~Gamma(5.8284;0.2071)
1487,~Gamma(5.8284;0.2071)
1488,~Gamma(5.8284;0.2071)
1489,~Gamma(5.8284;0.2071)
1490,~Gamma(5.8284;0.2071)
1491,~Gamma(5.8284;0.2071)
1492,~Gamma(5.8284;0.2071)
1493,~Gamma(5.8284;0.2071)
1494,~Gamma(5.8284;0.2071)
1495,~Gamma(5.8284;0.2071)
1496,~Gamma(5.8284;0.2071)
1497,~Gamma(5.8284;0.2071)
1498,~Gamma(5.8284;0.2071)
1499,~Gamma(5.8284;0.2071)
1500,~Gamma(5.8284;0.2071)
1501,~Gamma(5.8284;0.2071)
1502,~Gamma(5.8284;0.2071)
1503,~Gamma(5.8284;0.2071)
1504,~Gamma(5.8284;0.2071)
1505,~Gamma(5.8284;0.2071)
1506,~Gamma(5.8284;0.2071)
1507,~Gamma(5.8284;0.2071)
1508,~Gamma(5.8284;0.2071)
1509,~Gamma(5.8284;0.2071)
1510,~Gamma(5.8284;0.2071)
1511,~Gamma(5.8284;0.2071)
1512,~Gamma(5.8284;0.2071)
1513,~Gamma(5.8284;0.2071)
1514,~Gamma(5.8284;0.2071)
1515,~Gamma(5.8284;0.2071)
1516,~Gamma(5.8284;0.2071)
1517,~Gamma(5.8284;0.2071)
1518,~Gamma(5.8284;0.2071)
1519,~Gamma(5.8284;0.2071)
1520,~Gamma(5.8284;0.2071)
1521,~Gamma(5.8284;0.2071)
1522,~Gamma(5.8284;0.2071)
1523,~Gamma(5.8284;0.2071)
1524,~Gamma(5.8284;0.2071)
1525,~Gamma(5.8284;0.2071)
1526,~Gamma(5.8284;0.2071)
1527,~Gamma(5.8284;0.2071)
1528,~Gamma(5.8284;0.2071)
1529,~Gamma(5.8284;0.2071)
1530,~Gamma(5.8284;0.2071)
1531,~Gamma(5.8284;0.2071)
1532,~Gamma(5.8284;0.2071)
1533,~Gamma(5.8284;0.2071)
1534,~Gamma(5.8284;0.2071)
1535,~Gamma(5.8284;0.2071)
1536,~Gamma(5.8284;0.2071)
1537,~Gamma(5.8284;0.2071)
1538,~Gamma(5.8284;0.2071)
1539,~Gamma(5.8284;0.2071)
1540,~Gamma(5.8284;0.2071)
1541,~Gamma(5.8284;0.2071)
1542,~Gamma(5.8284;0.2071)
1543,~Gamma(5.8284;0.2071)
1544,~Gamma(5.8284;0.2071)
1545,~Gamma(5.8284;0.2071)
1546,~Gamma(5.8284;0.2071)
1547,~Gamma(5.8284;0.2071)
1548,~Gamma(5.8284;0.2071)
1549,~Gamma(5.8284;0.2071)
1550,~Gamma(5.8284;0.2071)
1551,~Gamma(5.8284;0.2071)
1552,~Gamma(5.8284;0.2071)
1553,~Gamma(5.8284;0.2071)
1554,~Gamma(5.8284;0.2071)
1555,~Gamma(5.8284;0.2071)
1556,~Gamma(5.8284;0.2071)
1557,~Gamma(5.8284;0.2071)
1558,~Gamma(5.8284;0.2071)
1559,~Gamma(5.8284;0.2071)
1560,~Gamma(5.8284;0.2071)
1561,~Gamma(5.8284;0.2071)
1562,~Gamma(5.8284;0.2071)
1563,~Gamma(5.8284;0.2071)
1564,~Gamma(5.8284;0.2071)
1565,~Gamma(5.8284;0.2071)
1566,~Gamma(5.8284;0.2071)
1567,~Gamma(5.8284;0.2071)
1568,~Gamma(5.8284;0.2071)
1569,~Gamma(5.8284;0.2071)
1570,~Gamma(5.8284;0.2071)
1571,~Gamma(5.8284;0.2071)
1572,~Gamma(5.8284;0.2071)
1573,~Gamma(5.8284;0.2071)
1574,~Gamma(5.8284;0.2071)
1575,~Gamma(5.8284;0.2071)
1576,~Gamma(5.8284;0.2071)
1577,~Gamma(5.8284;0.2071)
1578,~Gamma(5.8284;0.2071)
1579,~Gamma(5.8284;0.2071)
1580,~Gamma(5.8284;0.2071)
1581,~Gamma(5.8284;0.2071)
1582,~Gamma(5.8284;0.2071)
1583,~Gamma(5.8284;0.2071)
1584,~Gamma(5.8284;0.2071)
1585,~Gamma(5.8284;0.2071)
1586,~Gamma(5.8284;0.2071)
1587,~Gamma(5.8284;0.2071)
1588,~Gamma(5.8284;0.2071)
1589,~Gamma(5.8284;0.2071)
1590,~Gamma(5.8284;0.2071)
1591,~Gamma(5.8284;0.2071)
1592,~Gamma(5.8284;0.2071)
1593,~Gamma(5.8284;0.2071)
1594,~Gamma(5.8284;0.2071)
1595,~Gamma(5.8284;0.2071)
1596,~Gamma(5.8284;0.2071)
1597,~Gamma(5.8284;0.2071)
1598,~Gamma(5.8284;0.2071)
1599,~Gamma(5.8284;0.2071)
1600,~Gamma(5.8284;0.2071)
1601,~Gamma(5.8284;0.2071)
1602,~Gamma(5.8284;0.2071)
1603,~Gamma(5.8284;0.2071)
1604,~Gamma(5.8284;0.2071)
1605,~Gamma(5.8284;0.2071)
1606,~Gamma(5.8284;0.2071)
1607,~Gamma(5.8284;0.2071)
1608,~Gamma(5.8284;0.2071)
1609,~Gamma(5.8284;0.2071)
1610,~Gamma(5.8284;0.2071)
1611,~Gamma(5.8284;0.2071)
1612,~Gamma(5.8284;0.2071)
1613,~Gamma(5.8284;0.2071)
1614,~Gamma(5.8284;0.2071)
1615,~Gamma(5.8284;0.2071)
1616,~Gamma(5.8284;0.2071)
1617,~Gamma(5.8284;0.2071)
1618,~Gamma(5.8284;0.2071)
1619,~Gamma(5.8284;0.2071)
1620,~Gamma(5.8284;0.2071)
1621,~Gamma(5.8284;0.2071)
1622,~Gamma(5.8284;0.2071)
1623,~Gamma(5.8284;0.2071)
1624,~Gamma(5.8284;0.2071)
1625,~Gamma(5.8284;0.2071)
1626,~Gamma(5.8284;0.2071)
1627,~Gamma(5.8284;0.2071)
1628,~Gamma(5.8284;0.2071)
1629,~Gamma(5.8284;0.2071)
1630,~Gamma(5.8284;0.2071)
1631,~Gamma(5.8284;0.2071)
1632,~Gamma(5.8284;0.2071)
1633,~Gamma(5.8284;0.2071)
1634,~Gamma(5.8284;0.2071)
1635,~Gamma(5.8284;0.2071)
1636,~Gamma(5.8284;0.2071)
1637,~Gamma(5.8284;0.2071)
1638,~Gamma(5.8284;0.2071)
1639,~Gamma(5.8284;0.2071)
1640,~Gamma(5.8284;0.2071)
1641,~Gamma(5.8284;0.2071)
1642,~Gamma(5.8284;0.2071)
1643,~Gamma(5.8284;0.2071)
1644,~Gamma(5.8284;0.2071)
1645,~Gamma(5.8284;0.2071)
1646,~Gamma(5.8284;0.2071)
1647,~Gamma(5.8284;0.2071)
1648,~Gamma(5.8284;0.2071)
1649,~Gamma(5.8284;0.2071)
1650,~Gamma(5.8284;0.2071)
1651,~Gamma(5.8284;0.2071)
1652,~Gamma(5.8284;0.2071)
1653,~Gamma(5.8284;0.2071)
1654,~Gamma(5.8284;0.2071)
1655,~Gamma(5.8284;0.2071)
1656,~Gamma(5.8284;0.2071)
1657,~Gamma(5.8284;0.2071)
1658,~Gamma(5.8284;0.2071)
1659,~Gamma(5.8284;0.2071)
1660,~Gamma(5.8284;0.2071)
1661,~Gamma(5.8284;0.2071)
1662,~Gamma(5.8284;0.2071)
1663,~Gamma(5.8284;0.2071)
1664,~Gamma(5.8284;0.2071)
1665,~Gamma(5.8284;0.2071)
1666,~Gamma(5.8284;0.2071)
1667,~Gamma(5.8284;0.2071)
1668,~Gamma(5.8284;0.2071)
1669,~Gamma(5.8284;0.2071)
1670,~Gamma(5.8284;0.2071)
1671,~Gamma(5.8284;0.2071)
1672,~Gamma(5.8284;0.2071)
1673,~Gamma(5.8284;0.2071)
1674,~Gamma(5.8284;0.2071)
1675,~Gamma(5.8284;0.2071)
1676,~Gamma(5.8284;0.2071)
1677,~Gamma(5.8284;0.2071)
1678,~Gamma(5.8284;0.2071)
1679,~Gamma(5.8284;0.2071)
1680,~Gamma(5.8284;0.2071)
1681,~Gamma(5.8284;0.2071)
1682,~Gamma(5.8284;0.2071)
1683,~Gamma(5.8284;0.2071)
1684,~Gamma(5.8284;0.2071)
1685,~Gamma(5.8284;0.2071)
1686,~Gamma(5.8284;0.2071)
1687,~Gamma(5.8284;0.2071)
1688,~Gamma(5.8284;0.2071)
1689,~Gamma(5.8284;0.2071)
1690,~Gamma(5.8284;0.2071)
1691,~Gamma(5.8284;0.2071)
1692,~Gamma(5.8284;0.2071)
1693,~Gamma(5.8284;0.2071)
1694,~Gamma(5.8284;0.2071)
1695,~Gamma(5.8284;0.2071)
1696,~Gamma(5.8284;0.2071)
1697,~Gamma(5.8284;0.2071)
1698,~Gamma(5.8284;0.2071)
1699,~Gamma(5.8284;0.2071)
1700,~Gamma(5.8284;0.2071)
1701,~Gamma(5.8284;0.2071)
1702,~Gamma(5.8284;0.2071)
1703,~Gamma(5.8284;0.2071)
1704,~Gamma(5.8284;0.2071)
1705,~Gamma(5.8284;0.2071)
1706,~Gamma(5.8284;0.2071)
1707,~Gamma(5.8284;0.2071)
1708,~Gamma(5.8284;0.2071)
1709,~Gamma(5.8284;0.2071)
1710,~Gamma(5.8284;0.2071)
1711,~Gamma(5.8284;0.2071)
1712,~Gamma(5.8284;0.2071)
1713,~Gamma(5.8284;0.2071)
1714,~Gamma(5.8284;0.2071)
1715,~Gamma(5.8284;0.2071)
1716,~Gamma(5.8284;0.2071)
1717,~Gamma(5.8284;0.2071)
1718,~Gamma(5.8284;0.2071)
1719,~Gamma(5.8284;0.2071)
1720,~Gamma(5.8284;0.2071)
1721,~Gamma(5.8284;0.2071)
1722,~Gamma(5.8284;0.2071)
1723,~Gamma(5.8284;0.2071)
1724,~Gamma(5.8284;0.2071)
1725,~Gamma(5.8284;0.2071)
1726,~Gamma(5.8284;0.2071)
1727,~Gamma(5.8284;0.2071)
1728,~Gamma(5.8284;0.2071)
1729,~Gamma(5.8284;0.2071)
1730,~Gamma(5.8284;0.2071)
1731,~Gamma(5.8284;0.2071)
1732,~Gamma(5.8284;0.2071)
1733,~Gamma(5.8284;0.2071)
1734,~Gamma(5.8284;0.2071)
1735,~Gamma(5.8284;0.2071)
1736,~Gamma(5.8284;0.2071)
1737,~Gamma(5.8284;0.2071)
1738,~Gamma(5.8284;0.2071)
1739,~Gamma(5.8284;0.2071)
1740,~Gamma(5.8284;0.2071)
1741,~Gamma(5.8284;0.2071)
1742,~Gamma(5.8284;0.2071)
1743,~Gamma(5.8284;0.2071)
1744,~Gamma(5.8284;0.2071)
1745,~Gamma(5.8284;0.2071)
1746,~Gamma(5.8284;0.2071)
1747,~Gamma(5.8284;0.2071)
1748,~Gamma(5.8284;0.2071)
1749,~Gamma(5.8284;0.2071)
1750,~Gamma(5.8284;0.2071)
1751,~Gamma(5.8284;0.2071)
1752,~Gamma(5.8284;0.2071)
1753,~Gamma(5.8284;0.2071)
1754,~Gamma(5.8284;0.2071)
1755,~Gamma(5.8284;0.2071)
1756,~Gamma(5.8284;0.2071)
1757,~Gamma(5.8284;0.2071)
1758,~Gamma(5.8284;0.2071)
1759,~Gamma(5.8284;0.2071)
1760,~Gamma(5.8284;0.2071)
1761,~Gamma(5.8284;0.2071)
1762,~Gamma(5.8284;0.2071)
1763,~Gamma(5.8284;0.2071)
1764,~Gamma(5.8284;0.2071)
1765,~Gamma(5.8284;0.2071)
1766,~Gamma(5.8284;0.2071)
1767,~Gamma(5.8284;0.2071)
1768,~Gamma(5.8284;0.2071)
1769,~Gamma(5.8284;0.2071)
1770,~Gamma(5.8284;0.2071)
1771,~Gamma(5.8284;0.2071)
1772,~Gamma(5.8284;0.2071)
1773,~Gamma(5.8284;0.2071)
1774,~Gamma(5.8284;0.2071)
1775,~Gamma(5.8284;0.2071)
1776,~Gamma(5.8284;0.2071)
1777,~Gamma(5.8284;0.2071)
1778,~Gamma(5.8284;0.2071)
1779,~Gamma(5.8284;0.2071)
1780,~Gamma(5.8284;0.2071)
1781,~Gamma(5.8284;0.2071)
1782,~Gamma(5.8284;0.2071)
1783,~Gamma(5.8284;0.2071)
1784,~Gamma(5.8284;0.2071)
1785,~Gamma(5.8284;0.2071)
1786,~Gamma(5.8284;0.2071)
1787,~Gamma(5.8284;0.2071)
1788,~Gamma(5.8284;0.2071)
1789,~Gamma(5.8284;0.2071)
1790,~Gamma(5.8284;0.2071)
1791,~Gamma(5.8284;0.2071)
1792,~Gamma(5.8284;0.2071)
1793,~Gamma(5.8284;0.2071)
1794,~Gamma(5.8284;0.2071)
1795,~Gamma(5.8284;0.2071)
1796,~Gamma(5.8284;0.2071)
1797,~Gamma(5.8284;0.2071)
1798,~Gamma(5.8284;0.2071)
1799,~Gamma(5.8284;0.2071)
1800,~Gamma(5.8284;0.2071)
1801,~Gamma(5.8284;0.2071)
1802,~Gamma(5.8284;0.2071)
1803,~Gamma(5.8284;0.2071)
1804,~Gamma(5.8284;0.2071)
1805,~Gamma(5.8284;0.2071)
1806,~Gamma(5.8284;0.2071)
1807,~Gamma(5.8284;0.2071)
1808,~Gamma(5.8284;0.2071)
1809,~Gamma(5.8284;0.2071)
1810,~Gamma(5.8284;0.2071)
1811,~Gamma(5.8284;0.2071)
1812,~Gamma(5.8284;0.2071)
1813,~Gamma(5.8284;0.2071)
1814,~Gamma(5.8284;0.2071)
1815,~Gamma(5.8284;0.2071)
1816,~Gamma(5.8284;0.2071)
1817,~Gamma(5.8284;0.2071)
1818,~Gamma(5.8284;0.2071)
1819,~Gamma(5.8284;0.2071)
1820,~Gamma(5.8284;0.2071)
1821,~Gamma(5.8284;0.2071)
1822,~Gamma(5.8284;0.2071)
1823,~Gamma(5.8284;0.2071)
1824,~Gamma(5.8284;0.2071)
1825,~Gamma(5.8284;0.2071)
1826,~Gamma(5.8284;0.2071)
1827,~Gamma(5.8284;0.2071)
1828,~Gamma(5.8284;0.2071)
1829,~Gamma(5.8284;0.2071)
1830,~Gamma(5.8284;0.2071)
1831,~Gamma(5.8284;0.2071)
1832,~Gamma(5.8284;0.2071)
1833,~Gamma(5.8284;0.2071)
1834,~Gamma(5.8284;0.2071)
1835,~Gamma(5.8284;0.2071)
1836,~Gamma(5.8284;0.2071)
1837,~Gamma(5.8284;0.2071)
1838,~Gamma(5.8284;0.2071)
1839,~Gamma(5.8284;0.2071)
1840,~Gamma(5.8284;0.2071)
1841,~Gamma(5.8284;0.2071)
1842,~Gamma(5.8284;0.2071)
1843,~Gamma(5.8284;0.2071)
1844,~Gamma(5.8284;0.2071)
1845,~Gamma(5.8284;0.2071)
1846,~Gamma(5.8284;0.2071)
1847,~Gamma(5.8284;0.2071)
1848,~Gamma(5.8284;0.2071)
1849,~Gamma(5.8284;0.2071)
1850,~Gamma(5.8284;0.2071)
1851,~Gamma(5.8284;0.2071)
1852,~Gamma(5.8284;0.2071)
1853,~Gamma(5.8284;0.2071)
1854,~Gamma(5.8284;0.2071)
1855,~Gamma(5.8284;0.2071)
1856,~Gamma(5.8284;0.2071)
1857,~Gamma(5.8284;0.2071)
1858,~Gamma(5.8284;0.2071)
1859,~Gamma(5.8284;0.2071)
1860,~Gamma(5.8284;0.2071)
1861,~Gamma(5.8284;0.2071)
1862,~Gamma(5.8284;0.2071)
1863,~Gamma(5.8284;0.2071)
1864,~Gamma(5.8284;0.2071)
1865,~Gamma(5.8284;0.2071)
1866,~Gamma(5.8284;0.2071)
1867,~Gamma(5.8284;0.2071)
1868,~Gamma(5.8284;0.2071)
1869,~Gamma(5.8284;0.2071)
1870,~Gamma(5.8284;0.2071)
1871,~Gamma(5.8284;0.2071)
1872,~Gamma(5.8284;0.2071)
1873,~Gamma(5.8284;0.2071)
1874,~Gamma(5.8284;0.2071)
1875,~Gamma(5.8284;0.2071)
1876,~Gamma(5.8284;0.2071)
1877,~Gamma(5.8284;0.2071)
1878,~Gamma(5.8284;0.2071)
1879,~Gamma(5.8284;0.2071)
1880,~Gamma(5.8284;0.2071)
1881,~Gamma(5.8284;0.2071)
1882,~Gamma(5.8284;0.2071)
1883,~Gamma(5.8284;0.2071)
1884,~Gamma(5.8284;0.2071)
1885,~Gamma(5.8284;0.2071)
1886,~Gamma(5.8284;0.2071)
1887,~Gamma(5.8284;0.2071)
1888,~Gamma(5.8284;0.2071)
1889,~Gamma(5.8284;0.2071)
1890,~Gamma(5.8284;0.2071)
1891,~Gamma(5.8284;0.2071)
1892,~Gamma(5.8284;0.2071)
1893,~Gamma(5.8284;0.2071)
1894,~Gamma(5.8284;0.2071)
1895,~Gamma(5.8284;0.2071)
1896,~Gamma(5.8284;0.2071)
1897,~Gamma(5.8284;0.2071)
1898,~Gamma(5.8284;0.2071)
1899,~Gamma(5.8284;0.2071)
1900,~Gamma(5.8284;0.2071)
1901,~Gamma(5.8284;0.2071)
1902,~Gamma(5.8284;0.2071)
1903,~Gamma(5.8284;0.2071)
1904,~Gamma(5.8284;0.2071)
1905,~Gamma(5.8284;0.2071)
1906,~Gamma(5.8284;0.2071)
1907,~Gamma(5.8284;0.2071)
1908,~Gamma(5.8284;0.2071)
1909,~Gamma(5.8284;0.2071)
1910,~Gamma(5.8284;0.2071)
1911,~Gamma(5.8284;0.2071)
1912,~Gamma(5.8284;0.2071)
1913,~Gamma(5.8284;0.2071)
1914,~Gamma(5.8284;0.2071)
1915,~Gamma(5.8284;0.2071)
1916,~Gamma(5.8284;0.2071)
1917,~Gamma(5.8284;0.2071)
1918,~Gamma(5.8284;0.2071)
1919,~Gamma(5.8284;0.2071)
1920,~Gamma(5.8284;0.2071)
1921,~Gamma(5.8284;0.2071)
1922,~Gamma(5.8284;0.2071)
1923,~Gamma(5.8284;0.2071)
1924,~Gamma(5.8284;0.2071)
1925,~Gamma(5.8284;0.2071)
1926,~Gamma(5.8284;0.2071)
1927,~Gamma(5.8284;0.2071)
1928,~Gamma(5.8284;0.2071)
1929,~Gamma(5.8284;0.2071)
1930,~Gamma(5.8284;0.2071)
1931,~Gamma(5.8284;0.2071)
1932,~Gamma(5.8284;0.2071)
1933,~Gamma(5.8284;0.2071)
1934,~Gamma(5.8284;0.2071)
1935,~Gamma(5.8284;0.2071)
1936,~Gamma(5.8284;0.2071)
1937,~Gamma(5.8284;0.2071)
1938,~Gamma(5.8284;0.2071)
1939,~Gamma(5.8284;0.2071)
1940,~Gamma(5.8284;0.2071)
1941,~Gamma(5.8284;0.2071)
1942,~Gamma(5.8284;0.2071)
1943,~Gamma(5.8284;0.2071)
1944,~Gamma(5.8284;0.2071)
1945,~Gamma(5.8284;0.2071)
1946,~Gamma(5.8284;0.2071)
1947,~Gamma(5.8284;0.2071)
1948,~Gamma(5.8284;0.2071)
1949,~Gamma(5.8284;0.2071)
1950,~Gamma(5.8284;0.2071)
1951,~Gamma(5.8284;0.2071)
1952,~Gamma(5.8284;0.2071)
1953,~Gamma(5.8284;0.2071)
1954,~Gamma(5.8284;0.2071)
1955,~Gamma(5.8284;0.2071)
1956,~Gamma(5.8284;0.2071)
1957,~Gamma(5.8284;0.2071)
1958,~Gamma(5.8284;0.2071)
1959,~Gamma(5.8284;0.2071)
1960,~Gamma(5.8284;0.2071)
1961,~Gamma(5.8284;0.2071)
1962,~Gamma(5.8284;0.2071)
1963,~Gamma(5.8284;0.2071)
1965,~Gamma(5.8284;0.2071)
1966,~Gamma(5.8284;0.2071)
1967,~Gamma(5.8284;0.2071)
1968,~Gamma(5.8284;0.2071)
1969,~Gamma(5.8284;0.2071)
1970,~Gamma(5.8284;0.2071)
1971,~Gamma(5.8284;0.2071)
1972,~Gamma(5.8284;0.2071)
1973,~Gamma(5.8284;0.2071)
1974,~Gamma(5.8284;0.2071)
1975,~Gamma(5.8284;0.2071)
1976,~Gamma(5.8284;0.2071)
1977,~Gamma(5.8284;0.2071)
1978,~Gamma(5.8284;0.2071)
1979,~Gamma(5.8284;0.2071)
1980,~Gamma(5.8284;0.2071)
1981,~Gamma(5.8284;0.2071)
1982,~Gamma(5.8284;0.2071)
1983,~Gamma(5.8284;0.2071)
1984,~Gamma(5.8284;0.2071)
1985,~Gamma(5.8284;0.2071)
1986,~Gamma(5.8284;0.2071)
1987,~Gamma(5.8284;0.2071)
1988,~Gamma(5.8284;0.2071)
1989,~Gamma(5.8284;0.2071)
1990,~Gamma(5.8284;0.2071)
1991,~Gamma(5.8284;0.2071)
1992,~Gamma(5.8284;0.2071)
1993,~Gamma(5.8284;0.2071)
1994,~Gamma(5.8284;0.2071)
1995,~Gamma(5.8284;0.2071)
1996,~Gamma(5.8284;0.2071)
1997,~Gamma(5.8284;0.2071)
1998,~Gamma(5.8284;0.2071)
1999,~Gamma(5.8284;0.2071)
2000,~Gamma(5.8284;0.2071)
2001,~Gamma(5.8284;0.2071)
2002,~Gamma(5.8284;0.2071)
2003,~Gamma(5.8284;0.2071)
2004,~Gamma(5.8284;0.2071)
2005,~Gamma(5.8284;0.2071)
2006,~Gamma(5.8284;0.2071)
2007,~Gamma(5.8284;0.2071)
2008,~Gamma(5.8284;0.2071)
2009,~Gamma(5.8284;0.2071)
2010,~Gamma(5.8284;0.2071)
2011,~Gamma(5.8284;0.2071)
2012,~Gamma(5.8284;0.2071)
2013,~Gamma(5.8284;0.2071)
2014,~Gamma(5.8284;0.2071)
2015,~Gamma(5.8284;0.2071)
2016,~Gamma(5.8284;0.2071)
2017,~Gamma(5.8284;0.2071)
2018,~Gamma(5.8284;0.2071)
2019,~Gamma(5.8284;0.2071)
2020,~Gamma(5.8284;0.2071)
2021,~Gamma(5.8284;0.2071)
2022,~Gamma(5.8284;0.2071)
2023,~Gamma(5.8284;0.2071)
2024,~Gamma(5.8284;0.2071)
2025,~Gamma(5.8284;0.2071)
2026,~Gamma(5.8284;0.2071)
2027,~Gamma(5.8284;0.2071)
2028,~Gamma(5.8284;0.2071)
2029,~Gamma(5.8284;0.2071)
2030,~Gamma(5.8284;0.2071)
2031,~Gamma(5.8284;0.2071)
2032,~Gamma(5.8284;0.2071)
2033,~Gamma(5.8284;0.2071)
2034,~Gamma(5.8284;0.2071)
2035,~Gamma(5.8284;0.2071)
2036,~Gamma(5.8284;0.2071)
2037,~Gamma(5.8284;0.2071)
2038,~Gamma(5.8284;0.2071)
2039,~Gamma(5.8284;0.2071)
2040,~Gamma(5.8284;0.2071)
2041,~Gamma(5.8284;0.2071)
2042,~Gamma(5.8284;0.2071)
2043,~Gamma(5.8284;0.2071)
2044,~Gamma(5.8284;0.2071)
2045,~Gamma(5.8284;0.2071)
2046,~Gamma(5.8284;0.2071)
2047,~Gamma(5.8284;0.2071)
2048,~Gamma(5.8284;0.2071)
2049,~Gamma(5.8284;0.2071)
2050,~Gamma(5.8284;0.2071)
2051,~Gamma(5.8284;0.2071)
2052,~Gamma(5.8284;0.2071)
2053,~Gamma(5.8284;0.2071)
2054,~Gamma(5.8284;0.2071)
2055,~Gamma(5.8284;0.2071)
2056,~Gamma(5.8284;0.2071)
2057,~Gamma(5.8284;0.2071)
2058,~Gamma(5.8284;0.2071)
2059,~Gamma(5.8284;0.2071)
2060,~Gamma(5.8284;0.2071)
2061,~Gamma(5.8284;0.2071)
2062,~Gamma(5.8284;0.2071)
2063,~Gamma(5.8284;0.2071)
2064,~Gamma(5.8284;0.2071)
2065,~Gamma(5.8284;0.2071)
2066,~Gamma(5.8284;0.2071)
2067,~Gamma(5.8284;0.2071)
2068,~Gamma(5.8284;0.2071)
2069,~Gamma(5.8284;0.2071)
2070,~Gamma(5.8284;0.2071)
2071,~Gamma(5.8284;0.2071)
2072,~Gamma(5.8284;0.2071)
2073,~Gamma(5.8284;0.2071)
2074,~Gamma(5.8284;0.2071)
2075,~Gamma(5.8284;0.2071)
2076,~Gamma(5.8284;0.2071)
2077,~Gamma(5.8284;0.2071)
2078,~Gamma(5.8284;0.2071)
2079,~Gamma(5.8284;0.2071)
2080,~Gamma(5.8284;0.2071)
2081,~Gamma(5.8284;0.2071)
2082,~Gamma(5.8284;0.2071)
2083,~Gamma(5.8284;0.2071)
2084,~Gamma(5.8284;0.2071)
2085,~Gamma(5.8284;0.2071)
2086,~Gamma(5.8284;0.2071)
2087,~Gamma(5.8284;0.2071)
2088,~Gamma(5.8284;0.2071)
2089,~Gamma(5.8284;0.2071)
2090,~Gamma(5.8284;0.2071)
2091,~Gamma(5.8284;0.2071)
2092,~Gamma(5.8284;0.2071)
2093,~Gamma(5.8284;0.2071)
2094,~Gamma(5.8284;0.2071)
2095,~Gamma(5.8284;0.2071)
2096,~Gamma(5.8284;0.2071)
2097,~Gamma(5.8284;0.2071)
2098,~Gamma(5.8284;0.2071)
2099,~Gamma(5.8284;0.2071)
2100,~Gamma(5.8284;0.2071)
2101,~Gamma(5.8284;0.2071)
2102,~Gamma(5.8284;0.2071)
2103,~Gamma(5.8284;0.2071)
2104,~Gamma(5.8284;0.2071)
2105,~Gamma(5.8284;0.2071)
2106,~Gamma(5.8284;0.2071)
2107,~Gamma(5.8284;0.2071)
2108,~Gamma(5.8284;0.2071)
2109,~Gamma(5.8284;0.2071)
2110,~Gamma(5.8284;0.2071)
2111,~Gamma(5.8284;0.2071)
2112,~Gamma(5.8284;0.2071)
2113,~Gamma(5.8284;0.2071)
2114,~Gamma(5.8284;0.2071)
2115,~Gamma(5.8284;0.2071)
2116,~Gamma(5.8284;0.2071)
2117,~Gamma(5.8284;0.2071)
2118,~Gamma(5.8284;0.2071)
2119,~Gamma(5.8284;0.2071)
2120,~Gamma(5.8284;0.2071)
2121,~Gamma(5.8284;0.2071)
2122,~Gamma(5.8284;0.2071)
2123,~Gamma(5.8284;0.2071)
2124,~Gamma(5.8284;0.2071)
2125,~Gamma(5.8284;0.2071)
2126,~Gamma(5.8284;0.2071)
2127,~Gamma(5.8284;0.2071)
2128,~Gamma(5.8284;0.2071)
2129,~Gamma(5.8284;0.2071)
2130,~Gamma(5.8284;0.2071)
2131,~Gamma(5.8284;0.2071)
2132,~Gamma(5.8284;0.2071)
2133,~Gamma(5.8284;0.2071)
2134,~Gamma(5.8284;0.2071)
2135,~Gamma(5.8284;0.2071)
2136,~Gamma(5.8284;0.2071)
2137,~Gamma(5.8284;0.2071)
2138,~Gamma(5.8284;0.2071)
2139,~Gamma(5.8284;0.2071)
2140,~Gamma(5.8284;0.2071)
2141,~Gamma(5.8284;0.2071)
2142,~Gamma(5.8284;0.2071)
2143,~Gamma(5.8284;0.2071)
2144,~Gamma(5.8284;0.2071)
2145,~Gamma(5.8284;0.2071)
2146,~Gamma(5.8284;0.2071)
2147,~Gamma(5.8284;0.2071)
2148,~Gamma(5.8284;0.2071)
2149,~Gamma(5.8284;0.2071)
2150,~Gamma(5.8284;0.2071)
2151,~Gamma(5.8284;0.2071)
2152,~Gamma(5.8284;0.2071)
2153,~Gamma(5.8284;0.2071)
2154,~Gamma(5.8284;0.2071)
2155,~Gamma(5.8284;0.2071)
2156,~Gamma(5.8284;0.2071)
2157,~Gamma(5.8284;0.2071)
2158,~Gamma(5.8284;0.2071)
2159,~Gamma(5.8284;0.2071)
2160,~Gamma(5.8284;0.2071)
2161,~Gamma(5.8284;0.2071)
2162,~Gamma(5.8284;0.2071)
2163,~Gamma(5.8284;0.2071)
2164,~Gamma(5.8284;0.2071)
2165,~Gamma(5.8284;0.2071)
2166,~Gamma(5.8284;0.2071)
2167,~Gamma(5.8284;0.2071)
2168,~Gamma(5.8284;0.2071)
2169,~Gamma(5.8284;0.2071)
2170,~Gamma(5.8284;0.2071)
2171,~Gamma(5.8284;0.2071)
2172,~Gamma(5.8284;0.2071)
2173,~Gamma(5.8284;0.2071)
2174,~Gamma(5.8284;0.2071)
2175,~Gamma(5.8284;0.2071)
2176,~Gamma(5.8284;0.2071)
2177,~Gamma(5.8284;0.2071)
2178,~Gamma(5.8284;0.2071)
2179,~Gamma(5.8284;0.2071)
2180,~Gamma(5.8284;0.2071)
2181,~Gamma(5.8284;0.2071)
2182,~Gamma(5.8284;0.2071)
2183,~Gamma(5.8284;0.2071)
2184,~Gamma(5.8284;0.2071)
2185,~Gamma(5.8284;0.2071)
2186,~Gamma(5.8284;0.2071)
2187,~Gamma(5.8284;0.2071)
2188,~Gamma(5.8284;0.2071)
2189,~Gamma(5.8284;0.2071)
2190,~Gamma(5.8284;0.2071)
2191,~Gamma(5.8284;0.2071)
2192,~Gamma(5.8284;0.2071)
2193,~Gamma(5.8284;0.2071)
2194,~Gamma(5.8284;0.2071)
2195,~Gamma(5.8284;0.2071)
2196,~Gamma(5.8284;0.2071)
2197,~Gamma(5.8284;0.2071)
2198,~Gamma(5.8284;0.2071)
2199,~Gamma(5.8284;0.2071)
2200,~Gamma(5.8284;0.2071)
2201,~Gamma(5.8284;0.2071)
2202,~Gamma(5.8284;0.2071)
2203,~Gamma(5.8284;0.2071)
2204,~Gamma(5.8284;0.2071)
2205,~Gamma(5.8284;0.2071)
2206,~Gamma(5.8284;0.2071)
2207,~Gamma(5.8284;0.2071)
2208,~Gamma(5.8284;0.2071)
2209,~Gamma(5.8284;0.2071)
2210,~Gamma(5.8284;0.2071)
2211,~Gamma(5.8284;0.2071)
2212,~Gamma(5.8284;0.2071)
2213,~Gamma(5.8284;0.2071)
2214,~Gamma(5.8284;0.2071)
2215,~Gamma(5.8284;0.2071)
2216,~Gamma(5.8284;0.2071)
2217,~Gamma(5.8284;0.2071)
2218,~Gamma(5.8284;0.2071)
2219,~Gamma(5.8284;0.2071)
2220,~Gamma(5.8284;0.2071)
2221,~Gamma(5.8284;0.2071)
2222,~Gamma(5.8284;0.2071)
2223,~Gamma(5.8284;0.2071)
2224,~Gamma(5.8284;0.2071)
2225,~Gamma(5.8284;0.2071)
2226,~Gamma(5.8284;0.2071)
2227,~Gamma(5.8284;0.2071)
2228,~Gamma(5.8284;0.2071)
2229,~Gamma(5.8284;0.2071)
2230,~Gamma(5.8284;0.2071)
2231,~Gamma(5.8284;0.2071)
2232,~Gamma(5.8284;0.2071)
2233,~Gamma(5.8284;0.2071)
2234,~Gamma(5.8284;0.2071)
2235,~Gamma(5.8284;0.2071)
2236,~Gamma(5.8284;0.2071)
2237,~Gamma(5.8284;0.2071)
2238,~Gamma(5.8284;0.2071)
2239,~Gamma(5.8284;0.2071)
2240,~Gamma(5.8284;0.2071)
2241,~Gamma(5.8284;0.2071)
2242,~Gamma(5.8284;0.2071)
2243,~Gamma(5.8284;0.2071)
2244,~Gamma(5.8284;0.2071)
2245,~Gamma(5.8284;0.2071)
2246,~Gamma(5.8284;0.2071)
2247,~Gamma(5.8284;0.2071)
2248,~Gamma(5.8284;0.2071)
2249,~Gamma(5.8284;0.2071)
2250,~Gamma(5.8284;0.2071)
2251,~Gamma(5.8284;0.2071)
2252,~Gamma(5.8284;0.2071)
2253,~Gamma(5.8284;0.2071)
2254,~Gamma(5.8284;0.2071)
2255,~Gamma(5.8284;0.2071)
2256,~Gamma(5.8284;0.2071)
2257,~Gamma(5.8284;0.2071)
2258,~Gamma(5.8284;0.2071)
2259,~Gamma(5.8284;0.2071)
2260,~Gamma(5.8284;0.2071)
2261,~Gamma(5.8284;0.2071)
2262,~Gamma(5.8284;0.2071)
2263,~Gamma(5.8284;0.2071)
2264,~Gamma(5.8284;0.2071)
2265,~Gamma(5.8284;0.2071)
2266,~Gamma(5.8284;0.2071)
2267,~Gamma(5.8284;0.2071)
2268,~Gamma(5.8284;0.2071)
2269,~Gamma(5.8284;0.2071)
2270,~Gamma(5.8284;0.2071)
2271,~Gamma(5.8284;0.2071)
2272,~Gamma(5.8284;0.2071)
2273,~Gamma(5.8284;0.2071)
2274,~Gamma(5.8284;0.2071)
2275,~Gamma(5.8284;0.2071)
2276,~Gamma(5.8284;0.2071)
2277,~Gamma(5.8284;0.2071)
2278,~Gamma(5.8284;0.2071)
2279,~Gamma(5.8284;0.2071)
2280,~Gamma(5.8284;0.2071)
2281,~Gamma(5.8284;0.2071)
2282,~Gamma(5.8284;0.2071)
2283,~Gamma(5.8284;0.2071)
2284,~Gamma(5.8284;0.2071)
2285,~Gamma(5.8284;0.2071)
2286,~Gamma(5.8284;0.2071)
2287,~Gamma(5.8284;0.2071)
2288,~Gamma(5.8284;0.2071)
2289,~Gamma(5.8284;0.2071)
2290,~Gamma(5.8284;0.2071)
2291,~Gamma(5.8284;0.2071)
2292,~Gamma(5.8284;0.2071)
2293,~Gamma(5.8284;0.2071)
2294,~Gamma(5.8284;0.2071)
2295,~Gamma(5.8284;0.2071)
2296,~Gamma(5.8284;0.2071)
2297,~Gamma(5.8284;0.2071)
2298,~Gamma(5.8284;0.2071)
2299,~Gamma(5.8284;0.2071)
2300,~Gamma(5.8284;0.2071)
2301,~Gamma(5.8284;0.2071)
2302,~Gamma(5.8284;0.2071)
2303,~Gamma(5.8284;0.2071)
2304,~Gamma(5.8284;0.2071)
2305,~Gamma(5.8284;0.2071)
2306,~Gamma(5.8284;0.2071)
2307,~Gamma(5.8284;0.2071)
2308,~Gamma(5.8284;0.2071)
2309,~Gamma(5.8284;0.2071)
2310,~Gamma(5.8284;0.2071)
2311,~Gamma(5.8284;0.2071)
2312,~Gamma(5.8284;0.2071)
2313,~Gamma(5.8284;0.2071)
2314,~Gamma(5.8284;0.2071)
2315,~Gamma(5.8284;0.2071)
2316,~Gamma(5.8284;0.2071)
2317,~Gamma(5.8284;0.2071)
2318,~Gamma(5.8284;0.2071)
2319,~Gamma(5.8284;0.2071)
2320,~Gamma(5.8284;0.2071)
2321,~Gamma(5.8284;0.2071)
2322,~Gamma(5.8284;0.2071)
2323,~Gamma(5.8284;0.2071)
2324,~Gamma(5.8284;0.2071)
2325,~Gamma(5.8284;0.2071)
2326,~Gamma(5.8284;0.2071)
2327,~Gamma(5.8284;0.2071)
2328,~Gamma(5.8284;0.2071)
2329,~Gamma(5.8284;0.2071)
2330,~Gamma(5.8284;0.2071)
2331,~Gamma(5.8284;0.2071)
2332,~Gamma(5.8284;0.2071)
2333,~Gamma(5.8284;0.2071)
2334,~Gamma(5.8284;0.2071)
2335,~Gamma(5.8284;0.2071)
2336,~Gamma(5.8284;0.2071)
2337,~Gamma(5.8284;0.2071)
2338,~Gamma(5.8284;0.2071)
2339,~Gamma(5.8284;0.2071)
2340,~Gamma(5.8284;0.2071)
2341,~Gamma(5.8284;0.2071)
2342,~Gamma(5.8284;0.2071)
2343,~Gamma(5.8284;0.2071)
2344,~Gamma(5.8284;0.2071)
2345,~Gamma(5.8284;0.2071)
2346,~Gamma(5.8284;0.2071)
2347,~Gamma(5.8284;0.2071)
2348,~Gamma(5.8284;0.2071)
2349,~Gamma(5.8284;0.2071)
2350,~Gamma(5.8284;0.2071)
2351,~Gamma(5.8284;0.2071)
2352,~Gamma(5.8284;0.2071)
2353,~Gamma(5.8284;0.2071)
2354,~Gamma(5.8284;0.2071)
2355,~Gamma(5.8284;0.2071)
2356,~Gamma(5.8284;0.2071)
2357,~Gamma(5.8284;0.2071)
2358,~Gamma(5.8284;0.2071)
2359,~Gamma(5.8284;0.2071)
2360,~Gamma(5.8284;0.2071)
2361,~Gamma(5.8284;0.2071)
2362,~Gamma(5.8284;0.2071)
2363,~Gamma(5.8284;0.2071)
2364,~Gamma(5.8284;0.2071)
2365,~Gamma(5.8284;0.2071)
2366,~Gamma(5.8284;0.2071)
2367,~Gamma(5.8284;0.2071)
2368,~Gamma(5.8284;0.2071)
2369,~Gamma(5.8284;0.2071)
2370,~Gamma(5.8284;0.2071)
2371,~Gamma(5.8284;0.2071)
2372,~Gamma(5.8284;0.2071)
2373,~Gamma(5.8284;0.2071)
2374,~Gamma(5.8284;0.2071)
2375,~Gamma(5.8284;0.2071)
2376,~Gamma(5.8284;0.2071)
2377,~Gamma(5.8284;0.2071)
2378,~Gamma(5.8284;0.2071)
2379,~Gamma(5.8284;0.2071)
2380,~Gamma(5.8284;0.2071)
2381,~Gamma(5.8284;0.2071)
2382,~Gamma(5.8284;0.2071)
2383,~Gamma(5.8284;0.2071)
2384,~Gamma(5.8284;0.2071)
2385,~Gamma(5.8284;0.2071)
2386,~Gamma(5.8284;0.2071)
2387,~Gamma(5.8284;0.2071)
2388,~Gamma(5.8284;0.2071)
2389,~Gamma(5.8284;0.2071)
2390,~Gamma(5.8284;0.2071)
2391,~Gamma(5.8284;0.2071)
2392,~Gamma(5.8284;0.2071)
2393,~Gamma(5.8284;0.2071)
2394,~Gamma(5.8284;0.2071)
2395,~Gamma(5.8284;0.2071)
2396,~Gamma(5.8284;0.2071)
2397,~Gamma(5.8284;0.2071)
2398,~Gamma(5.8284;0.2071)
2399,~Gamma(5.8284;0.2071)
2400,~Gamma(5.8284;0.2071)
2401,~Gamma(5.8284;0.2071)
2402,~Gamma(5.8284;0.2071)
2403,~Gamma(5.8284;0.2071)
2404,~Gamma(5.8284;0.2071)
2405,~Gamma(5.8284;0.2071)
2406,~Gamma(5.8284;0.2071)
2407,~Gamma(5.8284;0.2071)
2408,~Gamma(5.8284;0.2071)
2409,~Gamma(5.8284;0.2071)
2410,~Gamma(5.8284;0.2071)
2411,~Gamma(5.8284;0.2071)
2412,~Gamma(5.8284;0.2071)
2413,~Gamma(5.8284;0.2071)
2414,~Gamma(5.8284;0.2071)
2415,~Gamma(5.8284;0.2071)
2416,~Gamma(5.8284;0.2071)
2417,~Gamma(5.8284;0.2071)
2418,~Gamma(5.8284;0.2071)
2419,~Gamma(5.8284;0.2071)
2420,~Gamma(5.8284;0.2071)
2421,~Gamma(5.8284;0.2071)
2422,~Gamma(5.8284;0.2071)
2423,~Gamma(5.8284;0.2071)
2424,~Gamma(5.8284;0.2071)
2425,~Gamma(5.8284;0.2071)
2426,~Gamma(5.8284;0.2071)
2427,~Gamma(5.8284;0.2071)
2428,~Gamma(5.8284;0.2071)
2429,~Gamma(5.8284;0.2071)
2430,~Gamma(5.8284;0.2071)
2431,~Gamma(5.8284;0.2071)
2432,~Gamma(5.8284;0.2071)
2433,~Gamma(5.8284;0.2071)
2434,~Gamma(5.8284;0.2071)
2435,~Gamma(5.8284;0.2071)
2436,~Gamma(5.8284;0.2071)
2437,~Gamma(5.8284;0.2071)
2438,~Gamma(5.8284;0.2071)
2439,~Gamma(5.8284;0.2071)
2440,~Gamma(5.8284;0.2071)
2441,~Gamma(5.8284;0.2071)
2442,~Gamma(5.8284;0.2071)
2443,~Gamma(5.8284;0.2071)
2444,~Gamma(5.8284;0.2071)
2445,~Gamma(5.8284;0.2071)
2446,~Gamma(5.8284;0.2071)
2447,~Gamma(5.8284;0.2071)
2448,~Gamma(5.8284;0.2071)
2449,~Gamma(5.8284;0.2071)
2450,~Gamma(5.8284;0.2071)
2451,~Gamma(5.8284;0.2071)
2452,~Gamma(5.8284;0.2071)
2453,~Gamma(5.8284;0.2071)
2454,~Gamma(5.8284;0.2071)
2455,~Gamma(5.8284;0.2071)
2456,~Gamma(5.8284;0.2071)
2457,~Gamma(5.8284;0.2071)
2458,~Gamma(5.8284;0.2071)
2459,~Gamma(5.8284;0.2071)
2460,~Gamma(5.8284;0.2071)
2461,~Gamma(5.8284;0.2071)
2462,~Gamma(5.8284;0.2071)
2463,~Gamma(5.8284;0.2071)
2464,~Gamma(5.8284;0.2071)
2465,~Gamma(5.8284;0.2071)
2466,~Gamma(5.8284;0.2071)
2467,~Gamma(5.8284;0.2071)
2468,~Gamma(5.8284;0.2071)
2469,~Gamma(5.8284;0.2071)
2470,~Gamma(5.8284;0.2071)
2471,~Gamma(5.8284;0.2071)
2472,~Gamma(5.8284;0.2071)
2473,~Gamma(5.8284;0.2071)
2474,~Gamma(5.8284;0.2071)
2475,~Gamma(5.8284;0.2071)
2476,~Gamma(5.8284;0.2071)
2477,~Gamma(5.8284;0.2071)
2478,~Gamma(5.8284;0.2071)
2479,~Gamma(5.8284;0.2071)
2480,~Gamma(5.8284;0.2071)
2481,~Gamma(5.8284;0.2071)
2482,~Gamma(5.8284;0.2071)
2483,~Gamma(5.8284;0.2071)
2484,~Gamma(5.8284;0.2071)
2485,~Gamma(5.8284;0.2071)
2486,~Gamma(5.8284;0.2071)
2487,~Gamma(5.8284;0.2071)
2488,~Gamma(5.8284;0.2071)
2489,~Gamma(5.8284;0.2071)
2490,~Gamma(5.8284;0.2071)
2491,~Gamma(5.8284;0.2071)
2492,~Gamma(5.8284;0.2071)
2493,~Gamma(5.8284;0.2071)
2494,~Gamma(5.8284;0.2071)
2495,~Gamma(5.8284;0.2071)
2496,~Gamma(5.8284;0.2071)
2497,~Gamma(5.8284;0.2071)
2498,~Gamma(5.8284;0.2071)
2499,~Gamma(5.8284;0.2071)
2500,~Gamma(5.8284;0.2071)
2501,~Gamma(5.8284;0.2071)
2502,~Gamma(5.8284;0.2071)
2503,~Gamma(5.8284;0.2071)
2504,~Gamma(5.8284;0.2071)
2505,~Gamma(5.8284;0.2071)
2506,~Gamma(5.8284;0.2071)
2507,~Gamma(5.8284;0.2071)
2508,~Gamma(5.8284;0.2071)
2509,~Gamma(5.8284;0.2071)
2510,~Gamma(5.8284;0.2071)
2511,~Gamma(5.8284;0.2071)
2512,~Gamma(5.8284;0.2071)
2513,~Gamma(5.8284;0.2071)
2514,~Gamma(5.8284;0.2071)
2515,~Gamma(5.8284;0.2071)
2516,~Gamma(5.8284;0.2071)
2517,~Gamma(5.8284;0.2071)
2518,~Gamma(5.8284;0.2071)
2519,~Gamma(5.8284;0.2071)
2520,~Gamma(5.8284;0.2071)
2521,~Gamma(5.8284;0.2071)
2522,~Gamma(5.8284;0.2071)
2523,~Gamma(5.8284;0.2071)
2524,~Gamma(5.8284;0.2071)
2525,~Gamma(5.8284;0.2071)
2526,~Gamma(5.8284;0.2071)
2527,~Gamma(5.8284;0.2071)
2528,~Gamma(5.8284;0.2071)
2529,~Gamma(5.8284;0.2071)
2530,~Gamma(5.8284;0.2071)
2531,~Gamma(5.8284;0.2071)
2532,~Gamma(5.8284;0.2071)
2533,~Gamma(5.8284;0.2071)
2534,~Gamma(5.8284;0.2071)
2535,~Gamma(5.8284;0.2071)
2536,~Gamma(5.8284;0.2071)
2537,~Gamma(5.8284;0.2071)
2538,~Gamma(5.8284;0.2071)
2539,~Gamma(5.8284;0.2071)
2540,~Gamma(5.8284;0.2071)
2541,~Gamma(5.8284;0.2071)
2542,~Gamma(5.8284;0.2071)
2543,~Gamma(5.8284;0.2071)
2544,~Gamma(5.8284;0.2071)
2545,~Gamma(5.8284;0.2071)
2546,~Gamma(5.8284;0.2071)
2547,~Gamma(5.8284;0.2071)
2548,~Gamma(5.8284;0.2071)
2549,~Gamma(5.8284;0.2071)
2550,~Gamma(5.8284;0.2071)
2551,~Gamma(5.8284;0.2071)
2552,~Gamma(5.8284;0.2071)
2553,~Gamma(5.8284;0.2071)
