land_idx,lat,lon
0,-56.2500000000,-68.7500000000
1,-53.7500000000,-73.7500000000
2,-53.7500000000,-71.2500000000
3,-53.7500000000,-68.7500000000
4,-53.7500000000,-66.2500000000
5,-51.2500000000,-73.7500000000
6,-51.2500000000,-71.2500000000
7,-51.2500000000,-68.7500000000
8,-51.2500000000,-61.2500000000
9,-51.2500000000,-58.7500000000
10,-48.7500000000,68.7500000000
11,-48.7500000000,-76.2500000000
12,-48.7500000000,-73.7500000000
13,-48.7500000000,-71.2500000000
14,-48.7500000000,-68.7500000000
15,-48.7500000000,-66.2500000000
16,-46.2500000000,166.2500000000
17,-46.2500000000,168.7500000000
18,-46.2500000000,171.2500000000
19,-46.2500000000,-73.7500000000
20,-46.2500000000,-71.2500000000
21,-46.2500000000,-68.7500000000
22,-46.2500000000,-66.2500000000
23,-43.7500000000,146.2500000000
24,-43.7500000000,168.7500000000
25,-43.7500000000,171.2500000000
26,-43.7500000000,173.7500000000
27,-43.7500000000,-73.7500000000
28,-43.7500000000,-71.2500000000
29,-43.7500000000,-68.7500000000
30,-43.7500000000,-66.2500000000
31,-41.2500000000,146.2500000000
32,-41.2500000000,148.7500000000
33,-41.2500000000,171.2500000000
34,-41.2500000000,173.7500000000
35,-41.2500000000,176.2500000000
36,-41.2500000000,-73.7500000000
37,-41.2500000000,-71.2500000000
38,-41.2500000000,-68.7500000000
39,-41.2500000000,-66.2500000000
40,-41.2500000000,-63.7500000000
41,-38.7500000000,141.2500000000
42,-38.7500000000,143.7500000000
43,-38.7500000000,146.2500000000
44,-38.7500000000,148.7500000000
45,-38.7500000000,173.7500000000
46,-38.7500000000,176.2500000000
47,-38.7500000000,178.7500000000
48,-38.7500000000,-73.7500000000
49,-38.7500000000,-71.2500000000
50,-38.7500000000,-68.7500000000
51,-38.7500000000,-66.2500000000
52,-38.7500000000,-63.7500000000
53,-38.7500000000,-61.2500000000
54,-38.7500000000,-58.7500000000
55,-36.2500000000,138.7500000000
56,-36.2500000000,141.2500000000
57,-36.2500000000,143.7500000000
58,-36.2500000000,146.2500000000
59,-36.2500000000,148.7500000000
60,-36.2500000000,173.7500000000
61,-36.2500000000,-73.7500000000
62,-36.2500000000,-71.2500000000
63,-36.2500000000,-68.7500000000
64,-36.2500000000,-66.2500000000
65,-36.2500000000,-63.7500000000
66,-36.2500000000,-61.2500000000
67,-36.2500000000,-58.7500000000
68,-36.2500000000,-56.2500000000
69,-33.7500000000,18.7500000000
70,-33.7500000000,21.2500000000
71,-33.7500000000,23.7500000000
72,-33.7500000000,26.2500000000
73,-33.7500000000,116.2500000000
74,-33.7500000000,118.7500000000
75,-33.7500000000,121.2500000000
76,-33.7500000000,123.7500000000
77,-33.7500000000,136.2500000000
78,-33.7500000000,138.7500000000
79,-33.7500000000,141.2500000000
80,-33.7500000000,143.7500000000
81,-33.7500000000,146.2500000000
82,-33.7500000000,148.7500000000
83,-33.7500000000,151.2500000000
84,-33.7500000000,-71.2500000000
85,-33.7500000000,-68.7500000000
86,-33.7500000000,-66.2500000000
87,-33.7500000000,-63.7500000000
88,-33.7500000000,-61.2500000000
89,-33.7500000000,-58.7500000000
90,-33.7500000000,-56.2500000000
91,-33.7500000000,-53.7500000000
92,-31.2500000000,18.7500000000
93,-31.2500000000,21.2500000000
94,-31.2500000000,23.7500000000
95,-31.2500000000,26.2500000000
96,-31.2500000000,28.7500000000
97,-31.2500000000,116.2500000000
98,-31.2500000000,118.7500000000
99,-31.2500000000,121.2500000000
100,-31.2500000000,123.7500000000
101,-31.2500000000,126.2500000000
102,-31.2500000000,128.7500000000
103,-31.2500000000,131.2500000000
104,-31.2500000000,133.7500000000
105,-31.2500000000,136.2500000000
106,-31.2500000000,138.7500000000
107,-31.2500000000,141.2500000000
108,-31.2500000000,143.7500000000
109,-31.2500000000,146.2500000000
110,-31.2500000000,148.7500000000
111,-31.2500000000,151.2500000000
112,-31.2500000000,153.7500000000
113,-31.2500000000,-71.2500000000
114,-31.2500000000,-68.7500000000
115,-31.2500000000,-66.2500000000
116,-31.2500000000,-63.7500000000
117,-31.2500000000,-61.2500000000
118,-31.2500000000,-58.7500000000
119,-31.2500000000,-56.2500000000
120,-31.2500000000,-53.7500000000
121,-31.2500000000,-51.2500000000
122,-28.7500000000,16.2500000000
123,-28.7500000000,18.7500000000
124,-28.7500000000,21.2500000000
125,-28.7500000000,23.7500000000
126,-28.7500000000,26.2500000000
127,-28.7500000000,28.7500000000
128,-28.7500000000,31.2500000000
129,-28.7500000000,113.7500000000
130,-28.7500000000,116.2500000000
131,-28.7500000000,118.7500000000
132,-28.7500000000,121.2500000000
133,-28.7500000000,123.7500000000
134,-28.7500000000,126.2500000000
135,-28.7500000000,128.7500000000
136,-28.7500000000,131.2500000000
137,-28.7500000000,133.7500000000
138,-28.7500000000,136.2500000000
139,-28.7500000000,138.7500000000
140,-28.7500000000,141.2500000000
141,-28.7500000000,143.7500000000
142,-28.7500000000,146.2500000000
143,-28.7500000000,148.7500000000
144,-28.7500000000,151.2500000000
145,-28.7500000000,153.7500000000
146,-28.7500000000,-71.2500000000
147,-28.7500000000,-68.7500000000
148,-28.7500000000,-66.2500000000
149,-28.7500000000,-63.7500000000
150,-28.7500000000,-61.2500000000
151,-28.7500000000,-58.7500000000
152,-28.7500000000,-56.2500000000
153,-28.7500000000,-53.7500000000
154,-28.7500000000,-51.2500000000
155,-28.7500000000,-48.7500000000
156,-26.2500000000,16.2500000000
157,-26.2500000000,18.7500000000
158,-26.2500000000,21.2500000000
159,-26.2500000000,23.7500000000
160,-26.2500000000,26.2500000000
161,-26.2500000000,28.7500000000
162,-26.2500000000,31.2500000000
163,-26.2500000000,33.7500000000
164,-26.2500000000,113.7500000000
165,-26.2500000000,116.2500000000
166,-26.2500000000,118.7500000000
167,-26.2500000000,121.2500000000
168,-26.2500000000,123.7500000000
169,-26.2500000000,126.2500000000
170,-26.2500000000,128.7500000000
171,-26.2500000000,131.2500000000
172,-26.2500000000,133.7500000000
173,-26.2500000000,136.2500000000
174,-26.2500000000,138.7500000000
175,-26.2500000000,141.2500000000
176,-26.2500000000,143.7500000000
177,-26.2500000000,146.2500000000
178,-26.2500000000,148.7500000000
179,-26.2500000000,151.2500000000
180,-26.2500000000,153.7500000000
181,-26.2500000000,-71.2500000000
182,-26.2500000000,-68.7500000000
183,-26.2500000000,-66.2500000000
184,-26.2500000000,-63.7500000000
185,-26.2500000000,-61.2500000000
186,-26.2500000000,-58.7500000000
187,-26.2500000000,-56.2500000000
188,-26.2500000000,-53.7500000000
189,-26.2500000000,-51.2500000000
190,-26.2500000000,-48.7500000000
191,-23.7500000000,13.7500000000
192,-23.7500000000,16.2500000000
193,-23.7500000000,18.7500000000
194,-23.7500000000,21.2500000000
195,-23.7500000000,23.7500000000
196,-23.7500000000,26.2500000000
197,-23.7500000000,28.7500000000
198,-23.7500000000,31.2500000000
199,-23.7500000000,33.7500000000
200,-23.7500000000,36.2500000000
201,-23.7500000000,43.7500000000
202,-23.7500000000,46.2500000000
203,-23.7500000000,113.7500000000
204,-23.7500000000,116.2500000000
205,-23.7500000000,118.7500000000
206,-23.7500000000,121.2500000000
207,-23.7500000000,123.7500000000
208,-23.7500000000,126.2500000000
209,-23.7500000000,128.7500000000
210,-23.7500000000,131.2500000000
211,-23.7500000000,133.7500000000
212,-23.7500000000,136.2500000000
213,-23.7500000000,138.7500000000
214,-23.7500000000,141.2500000000
215,-23.7500000000,143.7500000000
216,-23.7500000000,146.2500000000
217,-23.7500000000,148.7500000000
218,-23.7500000000,151.2500000000
219,-23.7500000000,-71.2500000000
220,-23.7500000000,-68.7500000000
221,-23.7500000000,-66.2500000000
222,-23.7500000000,-63.7500000000
223,-23.7500000000,-61.2500000000
224,-23.7500000000,-58.7500000000
225,-23.7500000000,-56.2500000000
226,-23.7500000000,-53.7500000000
227,-23.7500000000,-51.2500000000
228,-23.7500000000,-48.7500000000
229,-23.7500000000,-46.2500000000
230,-23.7500000000,-43.7500000000
231,-21.2500000000,13.7500000000
232,-21.2500000000,16.2500000000
233,-21.2500000000,18.7500000000
234,-21.2500000000,21.2500000000
235,-21.2500000000,23.7500000000
236,-21.2500000000,26.2500000000
237,-21.2500000000,28.7500000000
238,-21.2500000000,31.2500000000
239,-21.2500000000,33.7500000000
240,-21.2500000000,43.7500000000
241,-21.2500000000,46.2500000000
242,-21.2500000000,48.7500000000
243,-21.2500000000,113.7500000000
244,-21.2500000000,116.2500000000
245,-21.2500000000,118.7500000000
246,-21.2500000000,121.2500000000
247,-21.2500000000,123.7500000000
248,-21.2500000000,126.2500000000
249,-21.2500000000,128.7500000000
250,-21.2500000000,131.2500000000
251,-21.2500000000,133.7500000000
252,-21.2500000000,136.2500000000
253,-21.2500000000,138.7500000000
254,-21.2500000000,141.2500000000
255,-21.2500000000,143.7500000000
256,-21.2500000000,146.2500000000
257,-21.2500000000,148.7500000000
258,-21.2500000000,163.7500000000
259,-21.2500000000,166.2500000000
260,-21.2500000000,-68.7500000000
261,-21.2500000000,-66.2500000000
262,-21.2500000000,-63.7500000000
263,-21.2500000000,-61.2500000000
264,-21.2500000000,-58.7500000000
265,-21.2500000000,-56.2500000000
266,-21.2500000000,-53.7500000000
267,-21.2500000000,-51.2500000000
268,-21.2500000000,-48.7500000000
269,-21.2500000000,-46.2500000000
270,-21.2500000000,-43.7500000000
271,-21.2500000000,-41.2500000000
272,-18.7500000000,11.2500000000
273,-18.7500000000,13.7500000000
274,-18.7500000000,16.2500000000
275,-18.7500000000,18.7500000000
276,-18.7500000000,21.2500000000
277,-18.7500000000,23.7500000000
278,-18.7500000000,26.2500000000
279,-18.7500000000,28.7500000000
280,-18.7500000000,31.2500000000
281,-18.7500000000,33.7500000000
282,-18.7500000000,36.2500000000
283,-18.7500000000,43.7500000000
284,-18.7500000000,46.2500000000
285,-18.7500000000,48.7500000000
286,-18.7500000000,121.2500000000
287,-18.7500000000,123.7500000000
288,-18.7500000000,126.2500000000
289,-18.7500000000,128.7500000000
290,-18.7500000000,131.2500000000
291,-18.7500000000,133.7500000000
292,-18.7500000000,136.2500000000
293,-18.7500000000,138.7500000000
294,-18.7500000000,141.2500000000
295,-18.7500000000,143.7500000000
296,-18.7500000000,146.2500000000
297,-18.7500000000,178.7500000000
298,-18.7500000000,-71.2500000000
299,-18.7500000000,-68.7500000000
300,-18.7500000000,-66.2500000000
301,-18.7500000000,-63.7500000000
302,-18.7500000000,-61.2500000000
303,-18.7500000000,-58.7500000000
304,-18.7500000000,-56.2500000000
305,-18.7500000000,-53.7500000000
306,-18.7500000000,-51.2500000000
307,-18.7500000000,-48.7500000000
308,-18.7500000000,-46.2500000000
309,-18.7500000000,-43.7500000000
310,-18.7500000000,-41.2500000000
311,-18.7500000000,-38.7500000000
312,-16.2500000000,11.2500000000
313,-16.2500000000,13.7500000000
314,-16.2500000000,16.2500000000
315,-16.2500000000,18.7500000000
316,-16.2500000000,21.2500000000
317,-16.2500000000,23.7500000000
318,-16.2500000000,26.2500000000
319,-16.2500000000,28.7500000000
320,-16.2500000000,31.2500000000
321,-16.2500000000,33.7500000000
322,-16.2500000000,36.2500000000
323,-16.2500000000,38.7500000000
324,-16.2500000000,43.7500000000
325,-16.2500000000,46.2500000000
326,-16.2500000000,48.7500000000
327,-16.2500000000,123.7500000000
328,-16.2500000000,126.2500000000
329,-16.2500000000,128.7500000000
330,-16.2500000000,131.2500000000
331,-16.2500000000,133.7500000000
332,-16.2500000000,136.2500000000
333,-16.2500000000,138.7500000000
334,-16.2500000000,141.2500000000
335,-16.2500000000,143.7500000000
336,-16.2500000000,146.2500000000
337,-16.2500000000,-73.7500000000
338,-16.2500000000,-71.2500000000
339,-16.2500000000,-68.7500000000
340,-16.2500000000,-66.2500000000
341,-16.2500000000,-63.7500000000
342,-16.2500000000,-61.2500000000
343,-16.2500000000,-58.7500000000
344,-16.2500000000,-56.2500000000
345,-16.2500000000,-53.7500000000
346,-16.2500000000,-51.2500000000
347,-16.2500000000,-48.7500000000
348,-16.2500000000,-46.2500000000
349,-16.2500000000,-43.7500000000
350,-16.2500000000,-41.2500000000
351,-16.2500000000,-38.7500000000
352,-13.7500000000,13.7500000000
353,-13.7500000000,16.2500000000
354,-13.7500000000,18.7500000000
355,-13.7500000000,21.2500000000
356,-13.7500000000,23.7500000000
357,-13.7500000000,26.2500000000
358,-13.7500000000,28.7500000000
359,-13.7500000000,31.2500000000
360,-13.7500000000,33.7500000000
361,-13.7500000000,36.2500000000
362,-13.7500000000,38.7500000000
363,-13.7500000000,41.2500000000
364,-13.7500000000,48.7500000000
365,-13.7500000000,126.2500000000
366,-13.7500000000,128.7500000000
367,-13.7500000000,131.2500000000
368,-13.7500000000,133.7500000000
369,-13.7500000000,136.2500000000
370,-13.7500000000,141.2500000000
371,-13.7500000000,143.7500000000
372,-13.7500000000,-76.2500000000
373,-13.7500000000,-73.7500000000
374,-13.7500000000,-71.2500000000
375,-13.7500000000,-68.7500000000
376,-13.7500000000,-66.2500000000
377,-13.7500000000,-63.7500000000
378,-13.7500000000,-61.2500000000
379,-13.7500000000,-58.7500000000
380,-13.7500000000,-56.2500000000
381,-13.7500000000,-53.7500000000
382,-13.7500000000,-51.2500000000
383,-13.7500000000,-48.7500000000
384,-13.7500000000,-46.2500000000
385,-13.7500000000,-43.7500000000
386,-13.7500000000,-41.2500000000
387,-13.7500000000,-38.7500000000
388,-11.2500000000,13.7500000000
389,-11.2500000000,16.2500000000
390,-11.2500000000,18.7500000000
391,-11.2500000000,21.2500000000
392,-11.2500000000,23.7500000000
393,-11.2500000000,26.2500000000
394,-11.2500000000,28.7500000000
395,-11.2500000000,31.2500000000
396,-11.2500000000,33.7500000000
397,-11.2500000000,36.2500000000
398,-11.2500000000,38.7500000000
399,-11.2500000000,41.2500000000
400,-11.2500000000,133.7500000000
401,-11.2500000000,136.2500000000
402,-11.2500000000,141.2500000000
403,-11.2500000000,143.7500000000
404,-11.2500000000,-76.2500000000
405,-11.2500000000,-73.7500000000
406,-11.2500000000,-71.2500000000
407,-11.2500000000,-68.7500000000
408,-11.2500000000,-66.2500000000
409,-11.2500000000,-63.7500000000
410,-11.2500000000,-61.2500000000
411,-11.2500000000,-58.7500000000
412,-11.2500000000,-56.2500000000
413,-11.2500000000,-53.7500000000
414,-11.2500000000,-51.2500000000
415,-11.2500000000,-48.7500000000
416,-11.2500000000,-46.2500000000
417,-11.2500000000,-43.7500000000
418,-11.2500000000,-41.2500000000
419,-11.2500000000,-38.7500000000
420,-11.2500000000,-36.2500000000
421,-8.7500000000,13.7500000000
422,-8.7500000000,16.2500000000
423,-8.7500000000,18.7500000000
424,-8.7500000000,21.2500000000
425,-8.7500000000,23.7500000000
426,-8.7500000000,26.2500000000
427,-8.7500000000,28.7500000000
428,-8.7500000000,31.2500000000
429,-8.7500000000,33.7500000000
430,-8.7500000000,36.2500000000
431,-8.7500000000,38.7500000000
432,-8.7500000000,111.2500000000
433,-8.7500000000,113.7500000000
434,-8.7500000000,118.7500000000
435,-8.7500000000,121.2500000000
436,-8.7500000000,123.7500000000
437,-8.7500000000,126.2500000000
438,-8.7500000000,138.7500000000
439,-8.7500000000,141.2500000000
440,-8.7500000000,143.7500000000
441,-8.7500000000,146.2500000000
442,-8.7500000000,148.7500000000
443,-8.7500000000,158.7500000000
444,-8.7500000000,161.2500000000
445,-8.7500000000,-78.7500000000
446,-8.7500000000,-76.2500000000
447,-8.7500000000,-73.7500000000
448,-8.7500000000,-71.2500000000
449,-8.7500000000,-68.7500000000
450,-8.7500000000,-66.2500000000
451,-8.7500000000,-63.7500000000
452,-8.7500000000,-61.2500000000
453,-8.7500000000,-58.7500000000
454,-8.7500000000,-56.2500000000
455,-8.7500000000,-53.7500000000
456,-8.7500000000,-51.2500000000
457,-8.7500000000,-48.7500000000
458,-8.7500000000,-46.2500000000
459,-8.7500000000,-43.7500000000
460,-8.7500000000,-41.2500000000
461,-8.7500000000,-38.7500000000
462,-8.7500000000,-36.2500000000
463,-6.2500000000,13.7500000000
464,-6.2500000000,16.2500000000
465,-6.2500000000,18.7500000000
466,-6.2500000000,21.2500000000
467,-6.2500000000,23.7500000000
468,-6.2500000000,26.2500000000
469,-6.2500000000,28.7500000000
470,-6.2500000000,31.2500000000
471,-6.2500000000,33.7500000000
472,-6.2500000000,36.2500000000
473,-6.2500000000,38.7500000000
474,-6.2500000000,106.2500000000
475,-6.2500000000,108.7500000000
476,-6.2500000000,111.2500000000
477,-6.2500000000,138.7500000000
478,-6.2500000000,141.2500000000
479,-6.2500000000,143.7500000000
480,-6.2500000000,146.2500000000
481,-6.2500000000,148.7500000000
482,-6.2500000000,151.2500000000
483,-6.2500000000,156.2500000000
484,-6.2500000000,-81.2500000000
485,-6.2500000000,-78.7500000000
486,-6.2500000000,-76.2500000000
487,-6.2500000000,-73.7500000000
488,-6.2500000000,-71.2500000000
489,-6.2500000000,-68.7500000000
490,-6.2500000000,-66.2500000000
491,-6.2500000000,-63.7500000000
492,-6.2500000000,-61.2500000000
493,-6.2500000000,-58.7500000000
494,-6.2500000000,-56.2500000000
495,-6.2500000000,-53.7500000000
496,-6.2500000000,-51.2500000000
497,-6.2500000000,-48.7500000000
498,-6.2500000000,-46.2500000000
499,-6.2500000000,-43.7500000000
500,-6.2500000000,-41.2500000000
501,-6.2500000000,-38.7500000000
502,-6.2500000000,-36.2500000000
503,-3.7500000000,11.2500000000
504,-3.7500000000,13.7500000000
505,-3.7500000000,16.2500000000
506,-3.7500000000,18.7500000000
507,-3.7500000000,21.2500000000
508,-3.7500000000,23.7500000000
509,-3.7500000000,26.2500000000
510,-3.7500000000,28.7500000000
511,-3.7500000000,31.2500000000
512,-3.7500000000,33.7500000000
513,-3.7500000000,36.2500000000
514,-3.7500000000,38.7500000000
515,-3.7500000000,101.2500000000
516,-3.7500000000,103.7500000000
517,-3.7500000000,106.2500000000
518,-3.7500000000,111.2500000000
519,-3.7500000000,113.7500000000
520,-3.7500000000,116.2500000000
521,-3.7500000000,118.7500000000
522,-3.7500000000,121.2500000000
523,-3.7500000000,128.7500000000
524,-3.7500000000,133.7500000000
525,-3.7500000000,136.2500000000
526,-3.7500000000,138.7500000000
527,-3.7500000000,141.2500000000
528,-3.7500000000,143.7500000000
529,-3.7500000000,151.2500000000
530,-3.7500000000,-81.2500000000
531,-3.7500000000,-78.7500000000
532,-3.7500000000,-76.2500000000
533,-3.7500000000,-73.7500000000
534,-3.7500000000,-71.2500000000
535,-3.7500000000,-68.7500000000
536,-3.7500000000,-66.2500000000
537,-3.7500000000,-63.7500000000
538,-3.7500000000,-61.2500000000
539,-3.7500000000,-58.7500000000
540,-3.7500000000,-56.2500000000
541,-3.7500000000,-53.7500000000
542,-3.7500000000,-51.2500000000
543,-3.7500000000,-48.7500000000
544,-3.7500000000,-46.2500000000
545,-3.7500000000,-43.7500000000
546,-3.7500000000,-41.2500000000
547,-3.7500000000,-38.7500000000
548,-1.2500000000,8.7500000000
549,-1.2500000000,11.2500000000
550,-1.2500000000,13.7500000000
551,-1.2500000000,16.2500000000
552,-1.2500000000,18.7500000000
553,-1.2500000000,21.2500000000
554,-1.2500000000,23.7500000000
555,-1.2500000000,26.2500000000
556,-1.2500000000,28.7500000000
557,-1.2500000000,31.2500000000
558,-1.2500000000,33.7500000000
559,-1.2500000000,36.2500000000
560,-1.2500000000,38.7500000000
561,-1.2500000000,41.2500000000
562,-1.2500000000,101.2500000000
563,-1.2500000000,103.7500000000
564,-1.2500000000,108.7500000000
565,-1.2500000000,111.2500000000
566,-1.2500000000,113.7500000000
567,-1.2500000000,116.2500000000
568,-1.2500000000,118.7500000000
569,-1.2500000000,121.2500000000
570,-1.2500000000,131.2500000000
571,-1.2500000000,133.7500000000
572,-1.2500000000,138.7500000000
573,-1.2500000000,-81.2500000000
574,-1.2500000000,-78.7500000000
575,-1.2500000000,-76.2500000000
576,-1.2500000000,-73.7500000000
577,-1.2500000000,-71.2500000000
578,-1.2500000000,-68.7500000000
579,-1.2500000000,-66.2500000000
580,-1.2500000000,-63.7500000000
581,-1.2500000000,-61.2500000000
582,-1.2500000000,-58.7500000000
583,-1.2500000000,-56.2500000000
584,-1.2500000000,-53.7500000000
585,-1.2500000000,-51.2500000000
586,-1.2500000000,-48.7500000000
587,-1.2500000000,-46.2500000000
588,1.2500000000,8.7500000000
589,1.2500000000,11.2500000000
590,1.2500000000,13.7500000000
591,1.2500000000,16.2500000000
592,1.2500000000,18.7500000000
593,1.2500000000,21.2500000000
594,1.2500000000,23.7500000000
595,1.2500000000,26.2500000000
596,1.2500000000,28.7500000000
597,1.2500000000,31.2500000000
598,1.2500000000,33.7500000000
599,1.2500000000,36.2500000000
600,1.2500000000,38.7500000000
601,1.2500000000,41.2500000000
602,1.2500000000,43.7500000000
603,1.2500000000,98.7500000000
604,1.2500000000,101.2500000000
605,1.2500000000,103.7500000000
606,1.2500000000,108.7500000000
607,1.2500000000,111.2500000000
608,1.2500000000,113.7500000000
609,1.2500000000,116.2500000000
610,1.2500000000,118.7500000000
611,1.2500000000,121.2500000000
612,1.2500000000,123.7500000000
613,1.2500000000,128.7500000000
614,1.2500000000,-78.7500000000
615,1.2500000000,-76.2500000000
616,1.2500000000,-73.7500000000
617,1.2500000000,-71.2500000000
618,1.2500000000,-68.7500000000
619,1.2500000000,-66.2500000000
620,1.2500000000,-63.7500000000
621,1.2500000000,-61.2500000000
622,1.2500000000,-58.7500000000
623,1.2500000000,-56.2500000000
624,1.2500000000,-53.7500000000
625,1.2500000000,-51.2500000000
626,3.7500000000,6.2500000000
627,3.7500000000,8.7500000000
628,3.7500000000,11.2500000000
629,3.7500000000,13.7500000000
630,3.7500000000,16.2500000000
631,3.7500000000,18.7500000000
632,3.7500000000,21.2500000000
633,3.7500000000,23.7500000000
634,3.7500000000,26.2500000000
635,3.7500000000,28.7500000000
636,3.7500000000,31.2500000000
637,3.7500000000,33.7500000000
638,3.7500000000,36.2500000000
639,3.7500000000,38.7500000000
640,3.7500000000,41.2500000000
641,3.7500000000,43.7500000000
642,3.7500000000,46.2500000000
643,3.7500000000,96.2500000000
644,3.7500000000,98.7500000000
645,3.7500000000,101.2500000000
646,3.7500000000,103.7500000000
647,3.7500000000,113.7500000000
648,3.7500000000,116.2500000000
649,3.7500000000,118.7500000000
650,3.7500000000,-76.2500000000
651,3.7500000000,-73.7500000000
652,3.7500000000,-71.2500000000
653,3.7500000000,-68.7500000000
654,3.7500000000,-66.2500000000
655,3.7500000000,-63.7500000000
656,3.7500000000,-61.2500000000
657,3.7500000000,-58.7500000000
658,3.7500000000,-56.2500000000
659,3.7500000000,-53.7500000000
660,3.7500000000,-51.2500000000
661,3.7500000000,-8.7500000000
662,6.2500000000,1.2500000000
663,6.2500000000,3.7500000000
664,6.2500000000,6.2500000000
665,6.2500000000,8.7500000000
666,6.2500000000,11.2500000000
667,6.2500000000,13.7500000000
668,6.2500000000,16.2500000000
669,6.2500000000,18.7500000000
670,6.2500000000,21.2500000000
671,6.2500000000,23.7500000000
672,6.2500000000,26.2500000000
673,6.2500000000,28.7500000000
674,6.2500000000,31.2500000000
675,6.2500000000,33.7500000000
676,6.2500000000,36.2500000000
677,6.2500000000,38.7500000000
678,6.2500000000,41.2500000000
679,6.2500000000,43.7500000000
680,6.2500000000,46.2500000000
681,6.2500000000,48.7500000000
682,6.2500000000,81.2500000000
683,6.2500000000,96.2500000000
684,6.2500000000,101.2500000000
685,6.2500000000,116.2500000000
686,6.2500000000,118.7500000000
687,6.2500000000,123.7500000000
688,6.2500000000,126.2500000000
689,6.2500000000,-76.2500000000
690,6.2500000000,-73.7500000000
691,6.2500000000,-71.2500000000
692,6.2500000000,-68.7500000000
693,6.2500000000,-66.2500000000
694,6.2500000000,-63.7500000000
695,6.2500000000,-61.2500000000
696,6.2500000000,-58.7500000000
697,6.2500000000,-56.2500000000
698,6.2500000000,-53.7500000000
699,6.2500000000,-11.2500000000
700,6.2500000000,-8.7500000000
701,6.2500000000,-6.2500000000
702,6.2500000000,-3.7500000000
703,6.2500000000,-1.2500000000
704,8.7500000000,1.2500000000
705,8.7500000000,3.7500000000
706,8.7500000000,6.2500000000
707,8.7500000000,8.7500000000
708,8.7500000000,11.2500000000
709,8.7500000000,13.7500000000
710,8.7500000000,16.2500000000
711,8.7500000000,18.7500000000
712,8.7500000000,21.2500000000
713,8.7500000000,23.7500000000
714,8.7500000000,26.2500000000
715,8.7500000000,28.7500000000
716,8.7500000000,31.2500000000
717,8.7500000000,33.7500000000
718,8.7500000000,36.2500000000
719,8.7500000000,38.7500000000
720,8.7500000000,41.2500000000
721,8.7500000000,43.7500000000
722,8.7500000000,46.2500000000
723,8.7500000000,48.7500000000
724,8.7500000000,51.2500000000
725,8.7500000000,76.2500000000
726,8.7500000000,78.7500000000
727,8.7500000000,81.2500000000
728,8.7500000000,98.7500000000
729,8.7500000000,106.2500000000
730,8.7500000000,123.7500000000
731,8.7500000000,126.2500000000
732,8.7500000000,-83.7500000000
733,8.7500000000,-81.2500000000
734,8.7500000000,-78.7500000000
735,8.7500000000,-76.2500000000
736,8.7500000000,-73.7500000000
737,8.7500000000,-71.2500000000
738,8.7500000000,-68.7500000000
739,8.7500000000,-66.2500000000
740,8.7500000000,-63.7500000000
741,8.7500000000,-61.2500000000
742,8.7500000000,-58.7500000000
743,8.7500000000,-13.7500000000
744,8.7500000000,-11.2500000000
745,8.7500000000,-8.7500000000
746,8.7500000000,-6.2500000000
747,8.7500000000,-3.7500000000
748,8.7500000000,-1.2500000000
749,11.2500000000,1.2500000000
750,11.2500000000,3.7500000000
751,11.2500000000,6.2500000000
752,11.2500000000,8.7500000000
753,11.2500000000,11.2500000000
754,11.2500000000,13.7500000000
755,11.2500000000,16.2500000000
756,11.2500000000,18.7500000000
757,11.2500000000,21.2500000000
758,11.2500000000,23.7500000000
759,11.2500000000,26.2500000000
760,11.2500000000,28.7500000000
761,11.2500000000,31.2500000000
762,11.2500000000,33.7500000000
763,11.2500000000,36.2500000000
764,11.2500000000,38.7500000000
765,11.2500000000,41.2500000000
766,11.2500000000,43.7500000000
767,11.2500000000,46.2500000000
768,11.2500000000,48.7500000000
769,11.2500000000,51.2500000000
770,11.2500000000,76.2500000000
771,11.2500000000,78.7500000000
772,11.2500000000,98.7500000000
773,11.2500000000,103.7500000000
774,11.2500000000,106.2500000000
775,11.2500000000,108.7500000000
776,11.2500000000,121.2500000000
777,11.2500000000,123.7500000000
778,11.2500000000,126.2500000000
779,11.2500000000,-86.2500000000
780,11.2500000000,-83.7500000000
781,11.2500000000,-73.7500000000
782,11.2500000000,-71.2500000000
783,11.2500000000,-68.7500000000
784,11.2500000000,-66.2500000000
785,11.2500000000,-63.7500000000
786,11.2500000000,-61.2500000000
787,11.2500000000,-16.2500000000
788,11.2500000000,-13.7500000000
789,11.2500000000,-11.2500000000
790,11.2500000000,-8.7500000000
791,11.2500000000,-6.2500000000
792,11.2500000000,-3.7500000000
793,11.2500000000,-1.2500000000
794,13.7500000000,1.2500000000
795,13.7500000000,3.7500000000
796,13.7500000000,6.2500000000
797,13.7500000000,8.7500000000
798,13.7500000000,11.2500000000
799,13.7500000000,13.7500000000
800,13.7500000000,16.2500000000
801,13.7500000000,18.7500000000
802,13.7500000000,21.2500000000
803,13.7500000000,23.7500000000
804,13.7500000000,26.2500000000
805,13.7500000000,28.7500000000
806,13.7500000000,31.2500000000
807,13.7500000000,33.7500000000
808,13.7500000000,36.2500000000
809,13.7500000000,38.7500000000
810,13.7500000000,41.2500000000
811,13.7500000000,43.7500000000
812,13.7500000000,46.2500000000
813,13.7500000000,48.7500000000
814,13.7500000000,73.7500000000
815,13.7500000000,76.2500000000
816,13.7500000000,78.7500000000
817,13.7500000000,98.7500000000
818,13.7500000000,101.2500000000
819,13.7500000000,103.7500000000
820,13.7500000000,106.2500000000
821,13.7500000000,108.7500000000
822,13.7500000000,121.2500000000
823,13.7500000000,123.7500000000
824,13.7500000000,-91.2500000000
825,13.7500000000,-88.7500000000
826,13.7500000000,-86.2500000000
827,13.7500000000,-83.7500000000
828,13.7500000000,-16.2500000000
829,13.7500000000,-13.7500000000
830,13.7500000000,-11.2500000000
831,13.7500000000,-8.7500000000
832,13.7500000000,-6.2500000000
833,13.7500000000,-3.7500000000
834,13.7500000000,-1.2500000000
835,16.2500000000,1.2500000000
836,16.2500000000,3.7500000000
837,16.2500000000,6.2500000000
838,16.2500000000,8.7500000000
839,16.2500000000,11.2500000000
840,16.2500000000,13.7500000000
841,16.2500000000,16.2500000000
842,16.2500000000,18.7500000000
843,16.2500000000,21.2500000000
844,16.2500000000,23.7500000000
845,16.2500000000,26.2500000000
846,16.2500000000,28.7500000000
847,16.2500000000,31.2500000000
848,16.2500000000,33.7500000000
849,16.2500000000,36.2500000000
850,16.2500000000,38.7500000000
851,16.2500000000,43.7500000000
852,16.2500000000,46.2500000000
853,16.2500000000,48.7500000000
854,16.2500000000,51.2500000000
855,16.2500000000,53.7500000000
856,16.2500000000,73.7500000000
857,16.2500000000,76.2500000000
858,16.2500000000,78.7500000000
859,16.2500000000,81.2500000000
860,16.2500000000,93.7500000000
861,16.2500000000,96.2500000000
862,16.2500000000,98.7500000000
863,16.2500000000,101.2500000000
864,16.2500000000,103.7500000000
865,16.2500000000,106.2500000000
866,16.2500000000,108.7500000000
867,16.2500000000,121.2500000000
868,16.2500000000,-98.7500000000
869,16.2500000000,-96.2500000000
870,16.2500000000,-93.7500000000
871,16.2500000000,-91.2500000000
872,16.2500000000,-88.7500000000
873,16.2500000000,-86.2500000000
874,16.2500000000,-83.7500000000
875,16.2500000000,-16.2500000000
876,16.2500000000,-13.7500000000
877,16.2500000000,-11.2500000000
878,16.2500000000,-8.7500000000
879,16.2500000000,-6.2500000000
880,16.2500000000,-3.7500000000
881,16.2500000000,-1.2500000000
882,18.7500000000,1.2500000000
883,18.7500000000,3.7500000000
884,18.7500000000,6.2500000000
885,18.7500000000,8.7500000000
886,18.7500000000,11.2500000000
887,18.7500000000,13.7500000000
888,18.7500000000,16.2500000000
889,18.7500000000,18.7500000000
890,18.7500000000,21.2500000000
891,18.7500000000,23.7500000000
892,18.7500000000,26.2500000000
893,18.7500000000,28.7500000000
894,18.7500000000,31.2500000000
895,18.7500000000,33.7500000000
896,18.7500000000,36.2500000000
897,18.7500000000,38.7500000000
898,18.7500000000,41.2500000000
899,18.7500000000,43.7500000000
900,18.7500000000,46.2500000000
901,18.7500000000,48.7500000000
902,18.7500000000,51.2500000000
903,18.7500000000,53.7500000000
904,18.7500000000,56.2500000000
905,18.7500000000,73.7500000000
906,18.7500000000,76.2500000000
907,18.7500000000,78.7500000000
908,18.7500000000,81.2500000000
909,18.7500000000,83.7500000000
910,18.7500000000,93.7500000000
911,18.7500000000,96.2500000000
912,18.7500000000,98.7500000000
913,18.7500000000,101.2500000000
914,18.7500000000,103.7500000000
915,18.7500000000,106.2500000000
916,18.7500000000,108.7500000000
917,18.7500000000,111.2500000000
918,18.7500000000,121.2500000000
919,18.7500000000,-156.2500000000
920,18.7500000000,-103.7500000000
921,18.7500000000,-101.2500000000
922,18.7500000000,-98.7500000000
923,18.7500000000,-96.2500000000
924,18.7500000000,-93.7500000000
925,18.7500000000,-91.2500000000
926,18.7500000000,-88.7500000000
927,18.7500000000,-76.2500000000
928,18.7500000000,-73.7500000000
929,18.7500000000,-71.2500000000
930,18.7500000000,-68.7500000000
931,18.7500000000,-66.2500000000
932,18.7500000000,-16.2500000000
933,18.7500000000,-13.7500000000
934,18.7500000000,-11.2500000000
935,18.7500000000,-8.7500000000
936,18.7500000000,-6.2500000000
937,18.7500000000,-3.7500000000
938,18.7500000000,-1.2500000000
939,21.2500000000,1.2500000000
940,21.2500000000,3.7500000000
941,21.2500000000,6.2500000000
942,21.2500000000,8.7500000000
943,21.2500000000,11.2500000000
944,21.2500000000,13.7500000000
945,21.2500000000,16.2500000000
946,21.2500000000,18.7500000000
947,21.2500000000,21.2500000000
948,21.2500000000,23.7500000000
949,21.2500000000,26.2500000000
950,21.2500000000,28.7500000000
951,21.2500000000,31.2500000000
952,21.2500000000,33.7500000000
953,21.2500000000,36.2500000000
954,21.2500000000,38.7500000000
955,21.2500000000,41.2500000000
956,21.2500000000,43.7500000000
957,21.2500000000,46.2500000000
958,21.2500000000,48.7500000000
959,21.2500000000,51.2500000000
960,21.2500000000,53.7500000000
961,21.2500000000,56.2500000000
962,21.2500000000,58.7500000000
963,21.2500000000,71.2500000000
964,21.2500000000,73.7500000000
965,21.2500000000,76.2500000000
966,21.2500000000,78.7500000000
967,21.2500000000,81.2500000000
968,21.2500000000,83.7500000000
969,21.2500000000,86.2500000000
970,21.2500000000,88.7500000000
971,21.2500000000,91.2500000000
972,21.2500000000,93.7500000000
973,21.2500000000,96.2500000000
974,21.2500000000,98.7500000000
975,21.2500000000,101.2500000000
976,21.2500000000,103.7500000000
977,21.2500000000,106.2500000000
978,21.2500000000,108.7500000000
979,21.2500000000,111.2500000000
980,21.2500000000,-106.2500000000
981,21.2500000000,-103.7500000000
982,21.2500000000,-101.2500000000
983,21.2500000000,-98.7500000000
984,21.2500000000,-88.7500000000
985,21.2500000000,-86.2500000000
986,21.2500000000,-81.2500000000
987,21.2500000000,-78.7500000000
988,21.2500000000,-76.2500000000
989,21.2500000000,-16.2500000000
990,21.2500000000,-13.7500000000
991,21.2500000000,-11.2500000000
992,21.2500000000,-8.7500000000
993,21.2500000000,-6.2500000000
994,21.2500000000,-3.7500000000
995,21.2500000000,-1.2500000000
996,23.7500000000,1.2500000000
997,23.7500000000,3.7500000000
998,23.7500000000,6.2500000000
999,23.7500000000,8.7500000000
1000,23.7500000000,11.2500000000
1001,23.7500000000,13.7500000000
1002,23.7500000000,16.2500000000
1003,23.7500000000,18.7500000000
1004,23.7500000000,21.2500000000
1005,23.7500000000,23.7500000000
1006,23.7500000000,26.2500000000
1007,23.7500000000,28.7500000000
1008,23.7500000000,31.2500000000
1009,23.7500000000,33.7500000000
1010,23.7500000000,36.2500000000
1011,23.7500000000,38.7500000000
1012,23.7500000000,41.2500000000
1013,23.7500000000,43.7500000000
1014,23.7500000000,46.2500000000
1015,23.7500000000,48.7500000000
1016,23.7500000000,51.2500000000
1017,23.7500000000,53.7500000000
1018,23.7500000000,56.2500000000
1019,23.7500000000,58.7500000000
1020,23.7500000000,68.7500000000
1021,23.7500000000,71.2500000000
1022,23.7500000000,73.7500000000
1023,23.7500000000,76.2500000000
1024,23.7500000000,78.7500000000
1025,23.7500000000,81.2500000000
1026,23.7500000000,83.7500000000
1027,23.7500000000,86.2500000000
1028,23.7500000000,88.7500000000
1029,23.7500000000,91.2500000000
1030,23.7500000000,93.7500000000
1031,23.7500000000,96.2500000000
1032,23.7500000000,98.7500000000
1033,23.7500000000,101.2500000000
1034,23.7500000000,103.7500000000
1035,23.7500000000,106.2500000000
1036,23.7500000000,108.7500000000
1037,23.7500000000,111.2500000000
1038,23.7500000000,113.7500000000
1039,23.7500000000,116.2500000000
1040,23.7500000000,118.7500000000
1041,23.7500000000,121.2500000000
1042,23.7500000000,-111.2500000000
1043,23.7500000000,-108.7500000000
1044,23.7500000000,-106.2500000000
1045,23.7500000000,-103.7500000000
1046,23.7500000000,-101.2500000000
1047,23.7500000000,-98.7500000000
1048,23.7500000000,-81.2500000000
1049,23.7500000000,-78.7500000000
1050,23.7500000000,-16.2500000000
1051,23.7500000000,-13.7500000000
1052,23.7500000000,-11.2500000000
1053,23.7500000000,-8.7500000000
1054,23.7500000000,-6.2500000000
1055,23.7500000000,-3.7500000000
1056,23.7500000000,-1.2500000000
1057,26.2500000000,1.2500000000
1058,26.2500000000,3.7500000000
1059,26.2500000000,6.2500000000
1060,26.2500000000,8.7500000000
1061,26.2500000000,11.2500000000
1062,26.2500000000,13.7500000000
1063,26.2500000000,16.2500000000
1064,26.2500000000,18.7500000000
1065,26.2500000000,21.2500000000
1066,26.2500000000,23.7500000000
1067,26.2500000000,26.2500000000
1068,26.2500000000,28.7500000000
1069,26.2500000000,31.2500000000
1070,26.2500000000,33.7500000000
1071,26.2500000000,36.2500000000
1072,26.2500000000,38.7500000000
1073,26.2500000000,41.2500000000
1074,26.2500000000,43.7500000000
1075,26.2500000000,46.2500000000
1076,26.2500000000,48.7500000000
1077,26.2500000000,51.2500000000
1078,26.2500000000,53.7500000000
1079,26.2500000000,56.2500000000
1080,26.2500000000,58.7500000000
1081,26.2500000000,61.2500000000
1082,26.2500000000,63.7500000000
1083,26.2500000000,66.2500000000
1084,26.2500000000,68.7500000000
1085,26.2500000000,71.2500000000
1086,26.2500000000,73.7500000000
1087,26.2500000000,76.2500000000
1088,26.2500000000,78.7500000000
1089,26.2500000000,81.2500000000
1090,26.2500000000,83.7500000000
1091,26.2500000000,86.2500000000
1092,26.2500000000,88.7500000000
1093,26.2500000000,91.2500000000
1094,26.2500000000,93.7500000000
1095,26.2500000000,96.2500000000
1096,26.2500000000,98.7500000000
1097,26.2500000000,101.2500000000
1098,26.2500000000,103.7500000000
1099,26.2500000000,106.2500000000
1100,26.2500000000,108.7500000000
1101,26.2500000000,111.2500000000
1102,26.2500000000,113.7500000000
1103,26.2500000000,116.2500000000
1104,26.2500000000,118.7500000000
1105,26.2500000000,-113.7500000000
1106,26.2500000000,-111.2500000000
1107,26.2500000000,-108.7500000000
1108,26.2500000000,-106.2500000000
1109,26.2500000000,-103.7500000000
1110,26.2500000000,-101.2500000000
1111,26.2500000000,-98.7500000000
1112,26.2500000000,-81.2500000000
1113,26.2500000000,-13.7500000000
1114,26.2500000000,-11.2500000000
1115,26.2500000000,-8.7500000000
1116,26.2500000000,-6.2500000000
1117,26.2500000000,-3.7500000000
1118,26.2500000000,-1.2500000000
1119,28.7500000000,1.2500000000
1120,28.7500000000,3.7500000000
1121,28.7500000000,6.2500000000
1122,28.7500000000,8.7500000000
1123,28.7500000000,11.2500000000
1124,28.7500000000,13.7500000000
1125,28.7500000000,16.2500000000
1126,28.7500000000,18.7500000000
1127,28.7500000000,21.2500000000
1128,28.7500000000,23.7500000000
1129,28.7500000000,26.2500000000
1130,28.7500000000,28.7500000000
1131,28.7500000000,31.2500000000
1132,28.7500000000,33.7500000000
1133,28.7500000000,36.2500000000
1134,28.7500000000,38.7500000000
1135,28.7500000000,41.2500000000
1136,28.7500000000,43.7500000000
1137,28.7500000000,46.2500000000
1138,28.7500000000,48.7500000000
1139,28.7500000000,51.2500000000
1140,28.7500000000,53.7500000000
1141,28.7500000000,56.2500000000
1142,28.7500000000,58.7500000000
1143,28.7500000000,61.2500000000
1144,28.7500000000,63.7500000000
1145,28.7500000000,66.2500000000
1146,28.7500000000,68.7500000000
1147,28.7500000000,71.2500000000
1148,28.7500000000,73.7500000000
1149,28.7500000000,76.2500000000
1150,28.7500000000,78.7500000000
1151,28.7500000000,81.2500000000
1152,28.7500000000,83.7500000000
1153,28.7500000000,86.2500000000
1154,28.7500000000,88.7500000000
1155,28.7500000000,91.2500000000
1156,28.7500000000,93.7500000000
1157,28.7500000000,96.2500000000
1158,28.7500000000,98.7500000000
1159,28.7500000000,101.2500000000
1160,28.7500000000,103.7500000000
1161,28.7500000000,106.2500000000
1162,28.7500000000,108.7500000000
1163,28.7500000000,111.2500000000
1164,28.7500000000,113.7500000000
1165,28.7500000000,116.2500000000
1166,28.7500000000,118.7500000000
1167,28.7500000000,121.2500000000
1168,28.7500000000,-113.7500000000
1169,28.7500000000,-111.2500000000
1170,28.7500000000,-108.7500000000
1171,28.7500000000,-106.2500000000
1172,28.7500000000,-103.7500000000
1173,28.7500000000,-101.2500000000
1174,28.7500000000,-98.7500000000
1175,28.7500000000,-96.2500000000
1176,28.7500000000,-93.7500000000
1177,28.7500000000,-91.2500000000
1178,28.7500000000,-83.7500000000
1179,28.7500000000,-81.2500000000
1180,28.7500000000,-11.2500000000
1181,28.7500000000,-8.7500000000
1182,28.7500000000,-6.2500000000
1183,28.7500000000,-3.7500000000
1184,28.7500000000,-1.2500000000
1185,31.2500000000,1.2500000000
1186,31.2500000000,3.7500000000
1187,31.2500000000,6.2500000000
1188,31.2500000000,8.7500000000
1189,31.2500000000,11.2500000000
1190,31.2500000000,13.7500000000
1191,31.2500000000,16.2500000000
1192,31.2500000000,18.7500000000
1193,31.2500000000,21.2500000000
1194,31.2500000000,23.7500000000
1195,31.2500000000,26.2500000000
1196,31.2500000000,28.7500000000
1197,31.2500000000,31.2500000000
1198,31.2500000000,33.7500000000
1199,31.2500000000,36.2500000000
1200,31.2500000000,38.7500000000
1201,31.2500000000,41.2500000000
1202,31.2500000000,43.7500000000
1203,31.2500000000,46.2500000000
1204,31.2500000000,48.7500000000
1205,31.2500000000,51.2500000000
1206,31.2500000000,53.7500000000
1207,31.2500000000,56.2500000000
1208,31.2500000000,58.7500000000
1209,31.2500000000,61.2500000000
1210,31.2500000000,63.7500000000
1211,31.2500000000,66.2500000000
1212,31.2500000000,68.7500000000
1213,31.2500000000,71.2500000000
1214,31.2500000000,73.7500000000
1215,31.2500000000,76.2500000000
1216,31.2500000000,78.7500000000
1217,31.2500000000,81.2500000000
1218,31.2500000000,83.7500000000
1219,31.2500000000,86.2500000000
1220,31.2500000000,88.7500000000
1221,31.2500000000,91.2500000000
1222,31.2500000000,93.7500000000
1223,31.2500000000,96.2500000000
1224,31.2500000000,98.7500000000
1225,31.2500000000,101.2500000000
1226,31.2500000000,103.7500000000
1227,31.2500000000,106.2500000000
1228,31.2500000000,108.7500000000
1229,31.2500000000,111.2500000000
1230,31.2500000000,113.7500000000
1231,31.2500000000,116.2500000000
1232,31.2500000000,118.7500000000
1233,31.2500000000,121.2500000000
1234,31.2500000000,131.2500000000
1235,31.2500000000,-116.2500000000
1236,31.2500000000,-113.7500000000
1237,31.2500000000,-111.2500000000
1238,31.2500000000,-108.7500000000
1239,31.2500000000,-106.2500000000
1240,31.2500000000,-103.7500000000
1241,31.2500000000,-101.2500000000
1242,31.2500000000,-98.7500000000
1243,31.2500000000,-96.2500000000
1244,31.2500000000,-93.7500000000
1245,31.2500000000,-91.2500000000
1246,31.2500000000,-88.7500000000
1247,31.2500000000,-86.2500000000
1248,31.2500000000,-83.7500000000
1249,31.2500000000,-81.2500000000
1250,31.2500000000,-8.7500000000
1251,31.2500000000,-6.2500000000
1252,31.2500000000,-3.7500000000
1253,31.2500000000,-1.2500000000
1254,33.7500000000,1.2500000000
1255,33.7500000000,3.7500000000
1256,33.7500000000,6.2500000000
1257,33.7500000000,8.7500000000
1258,33.7500000000,11.2500000000
1259,33.7500000000,36.2500000000
1260,33.7500000000,38.7500000000
1261,33.7500000000,41.2500000000
1262,33.7500000000,43.7500000000
1263,33.7500000000,46.2500000000
1264,33.7500000000,48.7500000000
1265,33.7500000000,51.2500000000
1266,33.7500000000,53.7500000000
1267,33.7500000000,56.2500000000
1268,33.7500000000,58.7500000000
1269,33.7500000000,61.2500000000
1270,33.7500000000,63.7500000000
1271,33.7500000000,66.2500000000
1272,33.7500000000,68.7500000000
1273,33.7500000000,71.2500000000
1274,33.7500000000,73.7500000000
1275,33.7500000000,76.2500000000
1276,33.7500000000,78.7500000000
1277,33.7500000000,81.2500000000
1278,33.7500000000,83.7500000000
1279,33.7500000000,86.2500000000
1280,33.7500000000,88.7500000000
1281,33.7500000000,91.2500000000
1282,33.7500000000,93.7500000000
1283,33.7500000000,96.2500000000
1284,33.7500000000,98.7500000000
1285,33.7500000000,101.2500000000
1286,33.7500000000,103.7500000000
1287,33.7500000000,106.2500000000
1288,33.7500000000,108.7500000000
1289,33.7500000000,111.2500000000
1290,33.7500000000,113.7500000000
1291,33.7500000000,116.2500000000
1292,33.7500000000,118.7500000000
1293,33.7500000000,121.2500000000
1294,33.7500000000,131.2500000000
1295,33.7500000000,133.7500000000
1296,33.7500000000,136.2500000000
1297,33.7500000000,-118.7500000000
1298,33.7500000000,-116.2500000000
1299,33.7500000000,-113.7500000000
1300,33.7500000000,-111.2500000000
1301,33.7500000000,-108.7500000000
1302,33.7500000000,-106.2500000000
1303,33.7500000000,-103.7500000000
1304,33.7500000000,-101.2500000000
1305,33.7500000000,-98.7500000000
1306,33.7500000000,-96.2500000000
1307,33.7500000000,-93.7500000000
1308,33.7500000000,-91.2500000000
1309,33.7500000000,-88.7500000000
1310,33.7500000000,-86.2500000000
1311,33.7500000000,-83.7500000000
1312,33.7500000000,-81.2500000000
1313,33.7500000000,-78.7500000000
1314,33.7500000000,-8.7500000000
1315,33.7500000000,-6.2500000000
1316,33.7500000000,-3.7500000000
1317,33.7500000000,-1.2500000000
1318,36.2500000000,1.2500000000
1319,36.2500000000,3.7500000000
1320,36.2500000000,6.2500000000
1321,36.2500000000,8.7500000000
1322,36.2500000000,11.2500000000
1323,36.2500000000,13.7500000000
1324,36.2500000000,21.2500000000
1325,36.2500000000,23.7500000000
1326,36.2500000000,28.7500000000
1327,36.2500000000,31.2500000000
1328,36.2500000000,33.7500000000
1329,36.2500000000,36.2500000000
1330,36.2500000000,38.7500000000
1331,36.2500000000,41.2500000000
1332,36.2500000000,43.7500000000
1333,36.2500000000,46.2500000000
1334,36.2500000000,48.7500000000
1335,36.2500000000,51.2500000000
1336,36.2500000000,53.7500000000
1337,36.2500000000,56.2500000000
1338,36.2500000000,58.7500000000
1339,36.2500000000,61.2500000000
1340,36.2500000000,63.7500000000
1341,36.2500000000,66.2500000000
1342,36.2500000000,68.7500000000
1343,36.2500000000,71.2500000000
1344,36.2500000000,73.7500000000
1345,36.2500000000,76.2500000000
1346,36.2500000000,78.7500000000
1347,36.2500000000,81.2500000000
1348,36.2500000000,83.7500000000
1349,36.2500000000,86.2500000000
1350,36.2500000000,88.7500000000
1351,36.2500000000,91.2500000000
1352,36.2500000000,93.7500000000
1353,36.2500000000,96.2500000000
1354,36.2500000000,98.7500000000
1355,36.2500000000,101.2500000000
1356,36.2500000000,103.7500000000
1357,36.2500000000,106.2500000000
1358,36.2500000000,108.7500000000
1359,36.2500000000,111.2500000000
1360,36.2500000000,113.7500000000
1361,36.2500000000,116.2500000000
1362,36.2500000000,118.7500000000
1363,36.2500000000,121.2500000000
1364,36.2500000000,126.2500000000
1365,36.2500000000,128.7500000000
1366,36.2500000000,133.7500000000
1367,36.2500000000,136.2500000000
1368,36.2500000000,138.7500000000
1369,36.2500000000,141.2500000000
1370,36.2500000000,-121.2500000000
1371,36.2500000000,-118.7500000000
1372,36.2500000000,-116.2500000000
1373,36.2500000000,-113.7500000000
1374,36.2500000000,-111.2500000000
1375,36.2500000000,-108.7500000000
1376,36.2500000000,-106.2500000000
1377,36.2500000000,-103.7500000000
1378,36.2500000000,-101.2500000000
1379,36.2500000000,-98.7500000000
1380,36.2500000000,-96.2500000000
1381,36.2500000000,-93.7500000000
1382,36.2500000000,-91.2500000000
1383,36.2500000000,-88.7500000000
1384,36.2500000000,-86.2500000000
1385,36.2500000000,-83.7500000000
1386,36.2500000000,-81.2500000000
1387,36.2500000000,-78.7500000000
1388,36.2500000000,-76.2500000000
1389,36.2500000000,-8.7500000000
1390,36.2500000000,-6.2500000000
1391,36.2500000000,-3.7500000000
1392,36.2500000000,-1.2500000000
1393,38.7500000000,8.7500000000
1394,38.7500000000,13.7500000000
1395,38.7500000000,16.2500000000
1396,38.7500000000,21.2500000000
1397,38.7500000000,23.7500000000
1398,38.7500000000,26.2500000000
1399,38.7500000000,28.7500000000
1400,38.7500000000,31.2500000000
1401,38.7500000000,33.7500000000
1402,38.7500000000,36.2500000000
1403,38.7500000000,38.7500000000
1404,38.7500000000,41.2500000000
1405,38.7500000000,43.7500000000
1406,38.7500000000,46.2500000000
1407,38.7500000000,48.7500000000
1408,38.7500000000,53.7500000000
1409,38.7500000000,56.2500000000
1410,38.7500000000,58.7500000000
1411,38.7500000000,61.2500000000
1412,38.7500000000,63.7500000000
1413,38.7500000000,66.2500000000
1414,38.7500000000,68.7500000000
1415,38.7500000000,71.2500000000
1416,38.7500000000,73.7500000000
1417,38.7500000000,76.2500000000
1418,38.7500000000,78.7500000000
1419,38.7500000000,81.2500000000
1420,38.7500000000,83.7500000000
1421,38.7500000000,86.2500000000
1422,38.7500000000,88.7500000000
1423,38.7500000000,91.2500000000
1424,38.7500000000,93.7500000000
1425,38.7500000000,96.2500000000
1426,38.7500000000,98.7500000000
1427,38.7500000000,101.2500000000
1428,38.7500000000,103.7500000000
1429,38.7500000000,106.2500000000
1430,38.7500000000,108.7500000000
1431,38.7500000000,111.2500000000
1432,38.7500000000,113.7500000000
1433,38.7500000000,116.2500000000
1434,38.7500000000,118.7500000000
1435,38.7500000000,121.2500000000
1436,38.7500000000,123.7500000000
1437,38.7500000000,126.2500000000
1438,38.7500000000,128.7500000000
1439,38.7500000000,138.7500000000
1440,38.7500000000,141.2500000000
1441,38.7500000000,-123.7500000000
1442,38.7500000000,-121.2500000000
1443,38.7500000000,-118.7500000000
1444,38.7500000000,-116.2500000000
1445,38.7500000000,-113.7500000000
1446,38.7500000000,-111.2500000000
1447,38.7500000000,-108.7500000000
1448,38.7500000000,-106.2500000000
1449,38.7500000000,-103.7500000000
1450,38.7500000000,-101.2500000000
1451,38.7500000000,-98.7500000000
1452,38.7500000000,-96.2500000000
1453,38.7500000000,-93.7500000000
1454,38.7500000000,-91.2500000000
1455,38.7500000000,-88.7500000000
1456,38.7500000000,-86.2500000000
1457,38.7500000000,-83.7500000000
1458,38.7500000000,-81.2500000000
1459,38.7500000000,-78.7500000000
1460,38.7500000000,-76.2500000000
1461,38.7500000000,-8.7500000000
1462,38.7500000000,-6.2500000000
1463,38.7500000000,-3.7500000000
1464,38.7500000000,-1.2500000000
1465,41.2500000000,1.2500000000
1466,41.2500000000,8.7500000000
1467,41.2500000000,11.2500000000
1468,41.2500000000,13.7500000000
1469,41.2500000000,16.2500000000
1470,41.2500000000,18.7500000000
1471,41.2500000000,21.2500000000
1472,41.2500000000,23.7500000000
1473,41.2500000000,26.2500000000
1474,41.2500000000,28.7500000000
1475,41.2500000000,31.2500000000
1476,41.2500000000,33.7500000000
1477,41.2500000000,36.2500000000
1478,41.2500000000,38.7500000000
1479,41.2500000000,41.2500000000
1480,41.2500000000,43.7500000000
1481,41.2500000000,46.2500000000
1482,41.2500000000,48.7500000000
1483,41.2500000000,53.7500000000
1484,41.2500000000,56.2500000000
1485,41.2500000000,58.7500000000
1486,41.2500000000,61.2500000000
1487,41.2500000000,63.7500000000
1488,41.2500000000,66.2500000000
1489,41.2500000000,68.7500000000
1490,41.2500000000,71.2500000000
1491,41.2500000000,73.7500000000
1492,41.2500000000,76.2500000000
1493,41.2500000000,78.7500000000
1494,41.2500000000,81.2500000000
1495,41.2500000000,83.7500000000
1496,41.2500000000,86.2500000000
1497,41.2500000000,88.7500000000
1498,41.2500000000,91.2500000000
1499,41.2500000000,93.7500000000
1500,41.2500000000,96.2500000000
1501,41.2500000000,98.7500000000
1502,41.2500000000,101.2500000000
1503,41.2500000000,103.7500000000
1504,41.2500000000,106.2500000000
1505,41.2500000000,108.7500000000
1506,41.2500000000,111.2500000000
1507,41.2500000000,113.7500000000
1508,41.2500000000,116.2500000000
1509,41.2500000000,118.7500000000
1510,41.2500000000,121.2500000000
1511,41.2500000000,123.7500000000
1512,41.2500000000,126.2500000000
1513,41.2500000000,128.7500000000
1514,41.2500000000,141.2500000000
1515,41.2500000000,-123.7500000000
1516,41.2500000000,-121.2500000000
1517,41.2500000000,-118.7500000000
1518,41.2500000000,-116.2500000000
1519,41.2500000000,-113.7500000000
1520,41.2500000000,-111.2500000000
1521,41.2500000000,-108.7500000000
1522,41.2500000000,-106.2500000000
1523,41.2500000000,-103.7500000000
1524,41.2500000000,-101.2500000000
1525,41.2500000000,-98.7500000000
1526,41.2500000000,-96.2500000000
1527,41.2500000000,-93.7500000000
1528,41.2500000000,-91.2500000000
1529,41.2500000000,-88.7500000000
1530,41.2500000000,-86.2500000000
1531,41.2500000000,-83.7500000000
1532,41.2500000000,-81.2500000000
1533,41.2500000000,-78.7500000000
1534,41.2500000000,-76.2500000000
1535,41.2500000000,-73.7500000000
1536,41.2500000000,-71.2500000000
1537,41.2500000000,-8.7500000000
1538,41.2500000000,-6.2500000000
1539,41.2500000000,-3.7500000000
1540,41.2500000000,-1.2500000000
1541,43.7500000000,1.2500000000
1542,43.7500000000,3.7500000000
1543,43.7500000000,6.2500000000
1544,43.7500000000,8.7500000000
1545,43.7500000000,11.2500000000
1546,43.7500000000,13.7500000000
1547,43.7500000000,16.2500000000
1548,43.7500000000,18.7500000000
1549,43.7500000000,21.2500000000
1550,43.7500000000,23.7500000000
1551,43.7500000000,26.2500000000
1552,43.7500000000,28.7500000000
1553,43.7500000000,33.7500000000
1554,43.7500000000,38.7500000000
1555,43.7500000000,41.2500000000
1556,43.7500000000,43.7500000000
1557,43.7500000000,46.2500000000
1558,43.7500000000,51.2500000000
1559,43.7500000000,53.7500000000
1560,43.7500000000,56.2500000000
1561,43.7500000000,58.7500000000
1562,43.7500000000,61.2500000000
1563,43.7500000000,63.7500000000
1564,43.7500000000,66.2500000000
1565,43.7500000000,68.7500000000
1566,43.7500000000,71.2500000000
1567,43.7500000000,73.7500000000
1568,43.7500000000,76.2500000000
1569,43.7500000000,78.7500000000
1570,43.7500000000,81.2500000000
1571,43.7500000000,83.7500000000
1572,43.7500000000,86.2500000000
1573,43.7500000000,88.7500000000
1574,43.7500000000,91.2500000000
1575,43.7500000000,93.7500000000
1576,43.7500000000,96.2500000000
1577,43.7500000000,98.7500000000
1578,43.7500000000,101.2500000000
1579,43.7500000000,103.7500000000
1580,43.7500000000,106.2500000000
1581,43.7500000000,108.7500000000
1582,43.7500000000,111.2500000000
1583,43.7500000000,113.7500000000
1584,43.7500000000,116.2500000000
1585,43.7500000000,118.7500000000
1586,43.7500000000,121.2500000000
1587,43.7500000000,123.7500000000
1588,43.7500000000,126.2500000000
1589,43.7500000000,128.7500000000
1590,43.7500000000,131.2500000000
1591,43.7500000000,133.7500000000
1592,43.7500000000,136.2500000000
1593,43.7500000000,141.2500000000
1594,43.7500000000,143.7500000000
1595,43.7500000000,-123.7500000000
1596,43.7500000000,-121.2500000000
1597,43.7500000000,-118.7500000000
1598,43.7500000000,-116.2500000000
1599,43.7500000000,-113.7500000000
1600,43.7500000000,-111.2500000000
1601,43.7500000000,-108.7500000000
1602,43.7500000000,-106.2500000000
1603,43.7500000000,-103.7500000000
1604,43.7500000000,-101.2500000000
1605,43.7500000000,-98.7500000000
1606,43.7500000000,-96.2500000000
1607,43.7500000000,-93.7500000000
1608,43.7500000000,-91.2500000000
1609,43.7500000000,-88.7500000000
1610,43.7500000000,-86.2500000000
1611,43.7500000000,-83.7500000000
1612,43.7500000000,-81.2500000000
1613,43.7500000000,-78.7500000000
1614,43.7500000000,-76.2500000000
1615,43.7500000000,-73.7500000000
1616,43.7500000000,-71.2500000000
1617,43.7500000000,-68.7500000000
1618,43.7500000000,-66.2500000000
1619,43.7500000000,-63.7500000000
1620,43.7500000000,-8.7500000000
1621,43.7500000000,-6.2500000000
1622,43.7500000000,-3.7500000000
1623,43.7500000000,-1.2500000000
1624,46.2500000000,1.2500000000
1625,46.2500000000,3.7500000000
1626,46.2500000000,6.2500000000
1627,46.2500000000,8.7500000000
1628,46.2500000000,11.2500000000
1629,46.2500000000,13.7500000000
1630,46.2500000000,16.2500000000
1631,46.2500000000,18.7500000000
1632,46.2500000000,21.2500000000
1633,46.2500000000,23.7500000000
1634,46.2500000000,26.2500000000
1635,46.2500000000,28.7500000000
1636,46.2500000000,31.2500000000
1637,46.2500000000,33.7500000000
1638,46.2500000000,36.2500000000
1639,46.2500000000,38.7500000000
1640,46.2500000000,41.2500000000
1641,46.2500000000,43.7500000000
1642,46.2500000000,46.2500000000
1643,46.2500000000,48.7500000000
1644,46.2500000000,51.2500000000
1645,46.2500000000,53.7500000000
1646,46.2500000000,56.2500000000
1647,46.2500000000,58.7500000000
1648,46.2500000000,61.2500000000
1649,46.2500000000,63.7500000000
1650,46.2500000000,66.2500000000
1651,46.2500000000,68.7500000000
1652,46.2500000000,71.2500000000
1653,46.2500000000,73.7500000000
1654,46.2500000000,76.2500000000
1655,46.2500000000,78.7500000000
1656,46.2500000000,81.2500000000
1657,46.2500000000,83.7500000000
1658,46.2500000000,86.2500000000
1659,46.2500000000,88.7500000000
1660,46.2500000000,91.2500000000
1661,46.2500000000,93.7500000000
1662,46.2500000000,96.2500000000
1663,46.2500000000,98.7500000000
1664,46.2500000000,101.2500000000
1665,46.2500000000,103.7500000000
1666,46.2500000000,106.2500000000
1667,46.2500000000,108.7500000000
1668,46.2500000000,111.2500000000
1669,46.2500000000,113.7500000000
1670,46.2500000000,116.2500000000
1671,46.2500000000,118.7500000000
1672,46.2500000000,121.2500000000
1673,46.2500000000,123.7500000000
1674,46.2500000000,126.2500000000
1675,46.2500000000,128.7500000000
1676,46.2500000000,131.2500000000
1677,46.2500000000,133.7500000000
1678,46.2500000000,136.2500000000
1679,46.2500000000,138.7500000000
1680,46.2500000000,141.2500000000
1681,46.2500000000,143.7500000000
1682,46.2500000000,-123.7500000000
1683,46.2500000000,-121.2500000000
1684,46.2500000000,-118.7500000000
1685,46.2500000000,-116.2500000000
1686,46.2500000000,-113.7500000000
1687,46.2500000000,-111.2500000000
1688,46.2500000000,-108.7500000000
1689,46.2500000000,-106.2500000000
1690,46.2500000000,-103.7500000000
1691,46.2500000000,-101.2500000000
1692,46.2500000000,-98.7500000000
1693,46.2500000000,-96.2500000000
1694,46.2500000000,-93.7500000000
1695,46.2500000000,-91.2500000000
1696,46.2500000000,-88.7500000000
1697,46.2500000000,-86.2500000000
1698,46.2500000000,-83.7500000000
1699,46.2500000000,-81.2500000000
1700,46.2500000000,-78.7500000000
1701,46.2500000000,-76.2500000000
1702,46.2500000000,-73.7500000000
1703,46.2500000000,-71.2500000000
1704,46.2500000000,-68.7500000000
1705,46.2500000000,-66.2500000000
1706,46.2500000000,-63.7500000000
1707,46.2500000000,-61.2500000000
1708,46.2500000000,-53.7500000000
1709,46.2500000000,-1.2500000000
1710,48.7500000000,1.2500000000
1711,48.7500000000,3.7500000000
1712,48.7500000000,6.2500000000
1713,48.7500000000,8.7500000000
1714,48.7500000000,11.2500000000
1715,48.7500000000,13.7500000000
1716,48.7500000000,16.2500000000
1717,48.7500000000,18.7500000000
1718,48.7500000000,21.2500000000
1719,48.7500000000,23.7500000000
1720,48.7500000000,26.2500000000
1721,48.7500000000,28.7500000000
1722,48.7500000000,31.2500000000
1723,48.7500000000,33.7500000000
1724,48.7500000000,36.2500000000
1725,48.7500000000,38.7500000000
1726,48.7500000000,41.2500000000
1727,48.7500000000,43.7500000000
1728,48.7500000000,46.2500000000
1729,48.7500000000,48.7500000000
1730,48.7500000000,51.2500000000
1731,48.7500000000,53.7500000000
1732,48.7500000000,56.2500000000
1733,48.7500000000,58.7500000000
1734,48.7500000000,61.2500000000
1735,48.7500000000,63.7500000000
1736,48.7500000000,66.2500000000
1737,48.7500000000,68.7500000000
1738,48.7500000000,71.2500000000
1739,48.7500000000,73.7500000000
1740,48.7500000000,76.2500000000
1741,48.7500000000,78.7500000000
1742,48.7500000000,81.2500000000
1743,48.7500000000,83.7500000000
1744,48.7500000000,86.2500000000
1745,48.7500000000,88.7500000000
1746,48.7500000000,91.2500000000
1747,48.7500000000,93.7500000000
1748,48.7500000000,96.2500000000
1749,48.7500000000,98.7500000000
1750,48.7500000000,101.2500000000
1751,48.7500000000,103.7500000000
1752,48.7500000000,106.2500000000
1753,48.7500000000,108.7500000000
1754,48.7500000000,111.2500000000
1755,48.7500000000,113.7500000000
1756,48.7500000000,116.2500000000
1757,48.7500000000,118.7500000000
1758,48.7500000000,121.2500000000
1759,48.7500000000,123.7500000000
1760,48.7500000000,126.2500000000
1761,48.7500000000,128.7500000000
1762,48.7500000000,131.2500000000
1763,48.7500000000,133.7500000000
1764,48.7500000000,136.2500000000
1765,48.7500000000,138.7500000000
1766,48.7500000000,141.2500000000
1767,48.7500000000,143.7500000000
1768,48.7500000000,-126.2500000000
1769,48.7500000000,-123.7500000000
1770,48.7500000000,-121.2500000000
1771,48.7500000000,-118.7500000000
1772,48.7500000000,-116.2500000000
1773,48.7500000000,-113.7500000000
1774,48.7500000000,-111.2500000000
1775,48.7500000000,-108.7500000000
1776,48.7500000000,-106.2500000000
1777,48.7500000000,-103.7500000000
1778,48.7500000000,-101.2500000000
1779,48.7500000000,-98.7500000000
1780,48.7500000000,-96.2500000000
1781,48.7500000000,-93.7500000000
1782,48.7500000000,-91.2500000000
1783,48.7500000000,-88.7500000000
1784,48.7500000000,-86.2500000000
1785,48.7500000000,-83.7500000000
1786,48.7500000000,-81.2500000000
1787,48.7500000000,-78.7500000000
1788,48.7500000000,-76.2500000000
1789,48.7500000000,-73.7500000000
1790,48.7500000000,-71.2500000000
1791,48.7500000000,-68.7500000000
1792,48.7500000000,-66.2500000000
1793,48.7500000000,-63.7500000000
1794,48.7500000000,-58.7500000000
1795,48.7500000000,-56.2500000000
1796,48.7500000000,-53.7500000000
1797,48.7500000000,-3.7500000000
1798,48.7500000000,-1.2500000000
1799,51.2500000000,1.2500000000
1800,51.2500000000,3.7500000000
1801,51.2500000000,6.2500000000
1802,51.2500000000,8.7500000000
1803,51.2500000000,11.2500000000
1804,51.2500000000,13.7500000000
1805,51.2500000000,16.2500000000
1806,51.2500000000,18.7500000000
1807,51.2500000000,21.2500000000
1808,51.2500000000,23.7500000000
1809,51.2500000000,26.2500000000
1810,51.2500000000,28.7500000000
1811,51.2500000000,31.2500000000
1812,51.2500000000,33.7500000000
1813,51.2500000000,36.2500000000
1814,51.2500000000,38.7500000000
1815,51.2500000000,41.2500000000
1816,51.2500000000,43.7500000000
1817,51.2500000000,46.2500000000
1818,51.2500000000,48.7500000000
1819,51.2500000000,51.2500000000
1820,51.2500000000,53.7500000000
1821,51.2500000000,56.2500000000
1822,51.2500000000,58.7500000000
1823,51.2500000000,61.2500000000
1824,51.2500000000,63.7500000000
1825,51.2500000000,66.2500000000
1826,51.2500000000,68.7500000000
1827,51.2500000000,71.2500000000
1828,51.2500000000,73.7500000000
1829,51.2500000000,76.2500000000
1830,51.2500000000,78.7500000000
1831,51.2500000000,81.2500000000
1832,51.2500000000,83.7500000000
1833,51.2500000000,86.2500000000
1834,51.2500000000,88.7500000000
1835,51.2500000000,91.2500000000
1836,51.2500000000,93.7500000000
1837,51.2500000000,96.2500000000
1838,51.2500000000,98.7500000000
1839,51.2500000000,101.2500000000
1840,51.2500000000,103.7500000000
1841,51.2500000000,106.2500000000
1842,51.2500000000,108.7500000000
1843,51.2500000000,111.2500000000
1844,51.2500000000,113.7500000000
1845,51.2500000000,116.2500000000
1846,51.2500000000,118.7500000000
1847,51.2500000000,121.2500000000
1848,51.2500000000,123.7500000000
1849,51.2500000000,126.2500000000
1850,51.2500000000,128.7500000000
1851,51.2500000000,131.2500000000
1852,51.2500000000,133.7500000000
1853,51.2500000000,136.2500000000
1854,51.2500000000,138.7500000000
1855,51.2500000000,141.2500000000
1856,51.2500000000,143.7500000000
1857,51.2500000000,156.2500000000
1858,51.2500000000,-128.7500000000
1859,51.2500000000,-126.2500000000
1860,51.2500000000,-123.7500000000
1861,51.2500000000,-121.2500000000
1862,51.2500000000,-118.7500000000
1863,51.2500000000,-116.2500000000
1864,51.2500000000,-113.7500000000
1865,51.2500000000,-111.2500000000
1866,51.2500000000,-108.7500000000
1867,51.2500000000,-106.2500000000
1868,51.2500000000,-103.7500000000
1869,51.2500000000,-101.2500000000
1870,51.2500000000,-98.7500000000
1871,51.2500000000,-96.2500000000
1872,51.2500000000,-93.7500000000
1873,51.2500000000,-91.2500000000
1874,51.2500000000,-88.7500000000
1875,51.2500000000,-86.2500000000
1876,51.2500000000,-83.7500000000
1877,51.2500000000,-81.2500000000
1878,51.2500000000,-78.7500000000
1879,51.2500000000,-76.2500000000
1880,51.2500000000,-73.7500000000
1881,51.2500000000,-71.2500000000
1882,51.2500000000,-68.7500000000
1883,51.2500000000,-66.2500000000
1884,51.2500000000,-63.7500000000
1885,51.2500000000,-61.2500000000
1886,51.2500000000,-58.7500000000
1887,51.2500000000,-56.2500000000
1888,51.2500000000,-8.7500000000
1889,51.2500000000,-6.2500000000
1890,51.2500000000,-3.7500000000
1891,51.2500000000,-1.2500000000
1892,53.7500000000,1.2500000000
1893,53.7500000000,6.2500000000
1894,53.7500000000,8.7500000000
1895,53.7500000000,11.2500000000
1896,53.7500000000,13.7500000000
1897,53.7500000000,16.2500000000
1898,53.7500000000,18.7500000000
1899,53.7500000000,21.2500000000
1900,53.7500000000,23.7500000000
1901,53.7500000000,26.2500000000
1902,53.7500000000,28.7500000000
1903,53.7500000000,31.2500000000
1904,53.7500000000,33.7500000000
1905,53.7500000000,36.2500000000
1906,53.7500000000,38.7500000000
1907,53.7500000000,41.2500000000
1908,53.7500000000,43.7500000000
1909,53.7500000000,46.2500000000
1910,53.7500000000,48.7500000000
1911,53.7500000000,51.2500000000
1912,53.7500000000,53.7500000000
1913,53.7500000000,56.2500000000
1914,53.7500000000,58.7500000000
1915,53.7500000000,61.2500000000
1916,53.7500000000,63.7500000000
1917,53.7500000000,66.2500000000
1918,53.7500000000,68.7500000000
1919,53.7500000000,71.2500000000
1920,53.7500000000,73.7500000000
1921,53.7500000000,76.2500000000
1922,53.7500000000,78.7500000000
1923,53.7500000000,81.2500000000
1924,53.7500000000,83.7500000000
1925,53.7500000000,86.2500000000
1926,53.7500000000,88.7500000000
1927,53.7500000000,91.2500000000
1928,53.7500000000,93.7500000000
1929,53.7500000000,96.2500000000
1930,53.7500000000,98.7500000000
1931,53.7500000000,101.2500000000
1932,53.7500000000,103.7500000000
1933,53.7500000000,106.2500000000
1934,53.7500000000,108.7500000000
1935,53.7500000000,111.2500000000
1936,53.7500000000,113.7500000000
1937,53.7500000000,116.2500000000
1938,53.7500000000,118.7500000000
1939,53.7500000000,121.2500000000
1940,53.7500000000,123.7500000000
1941,53.7500000000,126.2500000000
1942,53.7500000000,128.7500000000
1943,53.7500000000,131.2500000000
1944,53.7500000000,133.7500000000
1945,53.7500000000,136.2500000000
1946,53.7500000000,138.7500000000
1947,53.7500000000,141.2500000000
1948,53.7500000000,143.7500000000
1949,53.7500000000,156.2500000000
1950,53.7500000000,158.7500000000
1951,53.7500000000,161.2500000000
1952,53.7500000000,-163.7500000000
1953,53.7500000000,-131.2500000000
1954,53.7500000000,-128.7500000000
1955,53.7500000000,-126.2500000000
1956,53.7500000000,-123.7500000000
1957,53.7500000000,-121.2500000000
1958,53.7500000000,-118.7500000000
1959,53.7500000000,-116.2500000000
1960,53.7500000000,-113.7500000000
1961,53.7500000000,-111.2500000000
1962,53.7500000000,-108.7500000000
1963,53.7500000000,-106.2500000000
1964,53.7500000000,-103.7500000000
1965,53.7500000000,-101.2500000000
1966,53.7500000000,-98.7500000000
1967,53.7500000000,-96.2500000000
1968,53.7500000000,-93.7500000000
1969,53.7500000000,-91.2500000000
1970,53.7500000000,-88.7500000000
1971,53.7500000000,-86.2500000000
1972,53.7500000000,-83.7500000000
1973,53.7500000000,-81.2500000000
1974,53.7500000000,-78.7500000000
1975,53.7500000000,-76.2500000000
1976,53.7500000000,-73.7500000000
1977,53.7500000000,-71.2500000000
1978,53.7500000000,-68.7500000000
1979,53.7500000000,-66.2500000000
1980,53.7500000000,-63.7500000000
1981,53.7500000000,-61.2500000000
1982,53.7500000000,-58.7500000000
1983,53.7500000000,-56.2500000000
1984,53.7500000000,-8.7500000000
1985,53.7500000000,-6.2500000000
1986,53.7500000000,-3.7500000000
1987,53.7500000000,-1.2500000000
1988,56.2500000000,8.7500000000
1989,56.2500000000,11.2500000000
1990,56.2500000000,13.7500000000
1991,56.2500000000,16.2500000000
1992,56.2500000000,21.2500000000
1993,56.2500000000,23.7500000000
1994,56.2500000000,26.2500000000
1995,56.2500000000,28.7500000000
1996,56.2500000000,31.2500000000
1997,56.2500000000,33.7500000000
1998,56.2500000000,36.2500000000
1999,56.2500000000,38.7500000000
2000,56.2500000000,41.2500000000
2001,56.2500000000,43.7500000000
2002,56.2500000000,46.2500000000
2003,56.2500000000,48.7500000000
2004,56.2500000000,51.2500000000
2005,56.2500000000,53.7500000000
2006,56.2500000000,56.2500000000
2007,56.2500000000,58.7500000000
2008,56.2500000000,61.2500000000
2009,56.2500000000,63.7500000000
2010,56.2500000000,66.2500000000
2011,56.2500000000,68.7500000000
2012,56.2500000000,71.2500000000
2013,56.2500000000,73.7500000000
2014,56.2500000000,76.2500000000
2015,56.2500000000,78.7500000000
2016,56.2500000000,81.2500000000
2017,56.2500000000,83.7500000000
2018,56.2500000000,86.2500000000
2019,56.2500000000,88.7500000000
2020,56.2500000000,91.2500000000
2021,56.2500000000,93.7500000000
2022,56.2500000000,96.2500000000
2023,56.2500000000,98.7500000000
2024,56.2500000000,101.2500000000
2025,56.2500000000,103.7500000000
2026,56.2500000000,106.2500000000
2027,56.2500000000,108.7500000000
2028,56.2500000000,111.2500000000
2029,56.2500000000,113.7500000000
2030,56.2500000000,116.2500000000
2031,56.2500000000,118.7500000000
2032,56.2500000000,121.2500000000
2033,56.2500000000,123.7500000000
2034,56.2500000000,126.2500000000
2035,56.2500000000,128.7500000000
2036,56.2500000000,131.2500000000
2037,56.2500000000,133.7500000000
2038,56.2500000000,136.2500000000
2039,56.2500000000,138.7500000000
2040,56.2500000000,156.2500000000
2041,56.2500000000,158.7500000000
2042,56.2500000000,161.2500000000
2043,56.2500000000,163.7500000000
2044,56.2500000000,-161.2500000000
2045,56.2500000000,-158.7500000000
2046,56.2500000000,-156.2500000000
2047,56.2500000000,-153.7500000000
2048,56.2500000000,-133.7500000000
2049,56.2500000000,-131.2500000000
2050,56.2500000000,-128.7500000000
2051,56.2500000000,-126.2500000000
2052,56.2500000000,-123.7500000000
2053,56.2500000000,-121.2500000000
2054,56.2500000000,-118.7500000000
2055,56.2500000000,-116.2500000000
2056,56.2500000000,-113.7500000000
2057,56.2500000000,-111.2500000000
2058,56.2500000000,-108.7500000000
2059,56.2500000000,-106.2500000000
2060,56.2500000000,-103.7500000000
2061,56.2500000000,-101.2500000000
2062,56.2500000000,-98.7500000000
2063,56.2500000000,-96.2500000000
2064,56.2500000000,-93.7500000000
2065,56.2500000000,-91.2500000000
2066,56.2500000000,-88.7500000000
2067,56.2500000000,-86.2500000000
2068,56.2500000000,-76.2500000000
2069,56.2500000000,-73.7500000000
2070,56.2500000000,-71.2500000000
2071,56.2500000000,-68.7500000000
2072,56.2500000000,-66.2500000000
2073,56.2500000000,-63.7500000000
2074,56.2500000000,-61.2500000000
2075,56.2500000000,-6.2500000000
2076,56.2500000000,-3.7500000000
2077,56.2500000000,-1.2500000000
2078,58.7500000000,6.2500000000
2079,58.7500000000,8.7500000000
2080,58.7500000000,11.2500000000
2081,58.7500000000,13.7500000000
2082,58.7500000000,16.2500000000
2083,58.7500000000,18.7500000000
2084,58.7500000000,23.7500000000
2085,58.7500000000,26.2500000000
2086,58.7500000000,28.7500000000
2087,58.7500000000,31.2500000000
2088,58.7500000000,33.7500000000
2089,58.7500000000,36.2500000000
2090,58.7500000000,38.7500000000
2091,58.7500000000,41.2500000000
2092,58.7500000000,43.7500000000
2093,58.7500000000,46.2500000000
2094,58.7500000000,48.7500000000
2095,58.7500000000,51.2500000000
2096,58.7500000000,53.7500000000
2097,58.7500000000,56.2500000000
2098,58.7500000000,58.7500000000
2099,58.7500000000,61.2500000000
2100,58.7500000000,63.7500000000
2101,58.7500000000,66.2500000000
2102,58.7500000000,68.7500000000
2103,58.7500000000,71.2500000000
2104,58.7500000000,73.7500000000
2105,58.7500000000,76.2500000000
2106,58.7500000000,78.7500000000
2107,58.7500000000,81.2500000000
2108,58.7500000000,83.7500000000
2109,58.7500000000,86.2500000000
2110,58.7500000000,88.7500000000
2111,58.7500000000,91.2500000000
2112,58.7500000000,93.7500000000
2113,58.7500000000,96.2500000000
2114,58.7500000000,98.7500000000
2115,58.7500000000,101.2500000000
2116,58.7500000000,103.7500000000
2117,58.7500000000,106.2500000000
2118,58.7500000000,108.7500000000
2119,58.7500000000,111.2500000000
2120,58.7500000000,113.7500000000
2121,58.7500000000,116.2500000000
2122,58.7500000000,118.7500000000
2123,58.7500000000,121.2500000000
2124,58.7500000000,123.7500000000
2125,58.7500000000,126.2500000000
2126,58.7500000000,128.7500000000
2127,58.7500000000,131.2500000000
2128,58.7500000000,133.7500000000
2129,58.7500000000,136.2500000000
2130,58.7500000000,138.7500000000
2131,58.7500000000,141.2500000000
2132,58.7500000000,143.7500000000
2133,58.7500000000,146.2500000000
2134,58.7500000000,148.7500000000
2135,58.7500000000,151.2500000000
2136,58.7500000000,153.7500000000
2137,58.7500000000,158.7500000000
2138,58.7500000000,161.2500000000
2139,58.7500000000,163.7500000000
2140,58.7500000000,-161.2500000000
2141,58.7500000000,-158.7500000000
2142,58.7500000000,-156.2500000000
2143,58.7500000000,-153.7500000000
2144,58.7500000000,-151.2500000000
2145,58.7500000000,-138.7500000000
2146,58.7500000000,-136.2500000000
2147,58.7500000000,-133.7500000000
2148,58.7500000000,-131.2500000000
2149,58.7500000000,-128.7500000000
2150,58.7500000000,-126.2500000000
2151,58.7500000000,-123.7500000000
2152,58.7500000000,-121.2500000000
2153,58.7500000000,-118.7500000000
2154,58.7500000000,-116.2500000000
2155,58.7500000000,-113.7500000000
2156,58.7500000000,-111.2500000000
2157,58.7500000000,-108.7500000000
2158,58.7500000000,-106.2500000000
2159,58.7500000000,-103.7500000000
2160,58.7500000000,-101.2500000000
2161,58.7500000000,-98.7500000000
2162,58.7500000000,-96.2500000000
2163,58.7500000000,-93.7500000000
2164,58.7500000000,-78.7500000000
2165,58.7500000000,-76.2500000000
2166,58.7500000000,-73.7500000000
2167,58.7500000000,-71.2500000000
2168,58.7500000000,-68.7500000000
2169,58.7500000000,-66.2500000000
2170,58.7500000000,-63.7500000000
2171,58.7500000000,-3.7500000000
2172,61.2500000000,6.2500000000
2173,61.2500000000,8.7500000000
2174,61.2500000000,11.2500000000
2175,61.2500000000,13.7500000000
2176,61.2500000000,16.2500000000
2177,61.2500000000,21.2500000000
2178,61.2500000000,23.7500000000
2179,61.2500000000,26.2500000000
2180,61.2500000000,28.7500000000
2181,61.2500000000,31.2500000000
2182,61.2500000000,33.7500000000
2183,61.2500000000,36.2500000000
2184,61.2500000000,38.7500000000
2185,61.2500000000,41.2500000000
2186,61.2500000000,43.7500000000
2187,61.2500000000,46.2500000000
2188,61.2500000000,48.7500000000
2189,61.2500000000,51.2500000000
2190,61.2500000000,53.7500000000
2191,61.2500000000,56.2500000000
2192,61.2500000000,58.7500000000
2193,61.2500000000,61.2500000000
2194,61.2500000000,63.7500000000
2195,61.2500000000,66.2500000000
2196,61.2500000000,68.7500000000
2197,61.2500000000,71.2500000000
2198,61.2500000000,73.7500000000
2199,61.2500000000,76.2500000000
2200,61.2500000000,78.7500000000
2201,61.2500000000,81.2500000000
2202,61.2500000000,83.7500000000
2203,61.2500000000,86.2500000000
2204,61.2500000000,88.7500000000
2205,61.2500000000,91.2500000000
2206,61.2500000000,93.7500000000
2207,61.2500000000,96.2500000000
2208,61.2500000000,98.7500000000
2209,61.2500000000,101.2500000000
2210,61.2500000000,103.7500000000
2211,61.2500000000,106.2500000000
2212,61.2500000000,108.7500000000
2213,61.2500000000,111.2500000000
2214,61.2500000000,113.7500000000
2215,61.2500000000,116.2500000000
2216,61.2500000000,118.7500000000
2217,61.2500000000,121.2500000000
2218,61.2500000000,123.7500000000
2219,61.2500000000,126.2500000000
2220,61.2500000000,128.7500000000
2221,61.2500000000,131.2500000000
2222,61.2500000000,133.7500000000
2223,61.2500000000,136.2500000000
2224,61.2500000000,138.7500000000
2225,61.2500000000,141.2500000000
2226,61.2500000000,143.7500000000
2227,61.2500000000,146.2500000000
2228,61.2500000000,148.7500000000
2229,61.2500000000,151.2500000000
2230,61.2500000000,153.7500000000
2231,61.2500000000,156.2500000000
2232,61.2500000000,158.7500000000
2233,61.2500000000,161.2500000000
2234,61.2500000000,163.7500000000
2235,61.2500000000,166.2500000000
2236,61.2500000000,168.7500000000
2237,61.2500000000,171.2500000000
2238,61.2500000000,173.7500000000
2239,61.2500000000,176.2500000000
2240,61.2500000000,-166.2500000000
2241,61.2500000000,-163.7500000000
2242,61.2500000000,-161.2500000000
2243,61.2500000000,-158.7500000000
2244,61.2500000000,-156.2500000000
2245,61.2500000000,-153.7500000000
2246,61.2500000000,-151.2500000000
2247,61.2500000000,-148.7500000000
2248,61.2500000000,-146.2500000000
2249,61.2500000000,-143.7500000000
2250,61.2500000000,-141.2500000000
2251,61.2500000000,-138.7500000000
2252,61.2500000000,-136.2500000000
2253,61.2500000000,-133.7500000000
2254,61.2500000000,-131.2500000000
2255,61.2500000000,-128.7500000000
2256,61.2500000000,-126.2500000000
2257,61.2500000000,-123.7500000000
2258,61.2500000000,-121.2500000000
2259,61.2500000000,-118.7500000000
2260,61.2500000000,-116.2500000000
2261,61.2500000000,-113.7500000000
2262,61.2500000000,-111.2500000000
2263,61.2500000000,-108.7500000000
2264,61.2500000000,-106.2500000000
2265,61.2500000000,-103.7500000000
2266,61.2500000000,-101.2500000000
2267,61.2500000000,-98.7500000000
2268,61.2500000000,-96.2500000000
2269,61.2500000000,-93.7500000000
2270,61.2500000000,-78.7500000000
2271,61.2500000000,-76.2500000000
2272,61.2500000000,-73.7500000000
2273,61.2500000000,-71.2500000000
2274,61.2500000000,-68.7500000000
2275,61.2500000000,-48.7500000000
2276,61.2500000000,-46.2500000000
2277,61.2500000000,-43.7500000000
2278,63.7500000000,8.7500000000
2279,63.7500000000,11.2500000000
2280,63.7500000000,13.7500000000
2281,63.7500000000,16.2500000000
2282,63.7500000000,18.7500000000
2283,63.7500000000,21.2500000000
2284,63.7500000000,23.7500000000
2285,63.7500000000,26.2500000000
2286,63.7500000000,28.7500000000
2287,63.7500000000,31.2500000000
2288,63.7500000000,33.7500000000
2289,63.7500000000,36.2500000000
2290,63.7500000000,38.7500000000
2291,63.7500000000,41.2500000000
2292,63.7500000000,43.7500000000
2293,63.7500000000,46.2500000000
2294,63.7500000000,48.7500000000
2295,63.7500000000,51.2500000000
2296,63.7500000000,53.7500000000
2297,63.7500000000,56.2500000000
2298,63.7500000000,58.7500000000
2299,63.7500000000,61.2500000000
2300,63.7500000000,63.7500000000
2301,63.7500000000,66.2500000000
2302,63.7500000000,68.7500000000
2303,63.7500000000,71.2500000000
2304,63.7500000000,73.7500000000
2305,63.7500000000,76.2500000000
2306,63.7500000000,78.7500000000
2307,63.7500000000,81.2500000000
2308,63.7500000000,83.7500000000
2309,63.7500000000,86.2500000000
2310,63.7500000000,88.7500000000
2311,63.7500000000,91.2500000000
2312,63.7500000000,93.7500000000
2313,63.7500000000,96.2500000000
2314,63.7500000000,98.7500000000
2315,63.7500000000,101.2500000000
2316,63.7500000000,103.7500000000
2317,63.7500000000,106.2500000000
2318,63.7500000000,108.7500000000
2319,63.7500000000,111.2500000000
2320,63.7500000000,113.7500000000
2321,63.7500000000,116.2500000000
2322,63.7500000000,118.7500000000
2323,63.7500000000,121.2500000000
2324,63.7500000000,123.7500000000
2325,63.7500000000,126.2500000000
2326,63.7500000000,128.7500000000
2327,63.7500000000,131.2500000000
2328,63.7500000000,133.7500000000
2329,63.7500000000,136.2500000000
2330,63.7500000000,138.7500000000
2331,63.7500000000,141.2500000000
2332,63.7500000000,143.7500000000
2333,63.7500000000,146.2500000000
2334,63.7500000000,148.7500000000
2335,63.7500000000,151.2500000000
2336,63.7500000000,153.7500000000
2337,63.7500000000,156.2500000000
2338,63.7500000000,158.7500000000
2339,63.7500000000,161.2500000000
2340,63.7500000000,163.7500000000
2341,63.7500000000,166.2500000000
2342,63.7500000000,168.7500000000
2343,63.7500000000,171.2500000000
2344,63.7500000000,173.7500000000
2345,63.7500000000,176.2500000000
2346,63.7500000000,178.7500000000
2347,63.7500000000,-173.7500000000
2348,63.7500000000,-171.2500000000
2349,63.7500000000,-163.7500000000
2350,63.7500000000,-161.2500000000
2351,63.7500000000,-158.7500000000
2352,63.7500000000,-156.2500000000
2353,63.7500000000,-153.7500000000
2354,63.7500000000,-151.2500000000
2355,63.7500000000,-148.7500000000
2356,63.7500000000,-146.2500000000
2357,63.7500000000,-143.7500000000
2358,63.7500000000,-141.2500000000
2359,63.7500000000,-138.7500000000
2360,63.7500000000,-136.2500000000
2361,63.7500000000,-133.7500000000
2362,63.7500000000,-131.2500000000
2363,63.7500000000,-128.7500000000
2364,63.7500000000,-126.2500000000
2365,63.7500000000,-123.7500000000
2366,63.7500000000,-121.2500000000
2367,63.7500000000,-118.7500000000
2368,63.7500000000,-116.2500000000
2369,63.7500000000,-113.7500000000
2370,63.7500000000,-111.2500000000
2371,63.7500000000,-108.7500000000
2372,63.7500000000,-106.2500000000
2373,63.7500000000,-103.7500000000
2374,63.7500000000,-101.2500000000
2375,63.7500000000,-98.7500000000
2376,63.7500000000,-96.2500000000
2377,63.7500000000,-93.7500000000
2378,63.7500000000,-91.2500000000
2379,63.7500000000,-88.7500000000
2380,63.7500000000,-86.2500000000
2381,63.7500000000,-83.7500000000
2382,63.7500000000,-81.2500000000
2383,63.7500000000,-76.2500000000
2384,63.7500000000,-73.7500000000
2385,63.7500000000,-71.2500000000
2386,63.7500000000,-68.7500000000
2387,63.7500000000,-66.2500000000
2388,63.7500000000,-51.2500000000
2389,63.7500000000,-48.7500000000
2390,63.7500000000,-46.2500000000
2391,63.7500000000,-43.7500000000
2392,63.7500000000,-41.2500000000
2393,63.7500000000,-21.2500000000
2394,63.7500000000,-18.7500000000
2395,63.7500000000,-16.2500000000
2396,66.2500000000,11.2500000000
2397,66.2500000000,13.7500000000
2398,66.2500000000,16.2500000000
2399,66.2500000000,18.7500000000
2400,66.2500000000,21.2500000000
2401,66.2500000000,23.7500000000
2402,66.2500000000,26.2500000000
2403,66.2500000000,28.7500000000
2404,66.2500000000,31.2500000000
2405,66.2500000000,33.7500000000
2406,66.2500000000,36.2500000000
2407,66.2500000000,38.7500000000
2408,66.2500000000,41.2500000000
2409,66.2500000000,43.7500000000
2410,66.2500000000,46.2500000000
2411,66.2500000000,48.7500000000
2412,66.2500000000,51.2500000000
2413,66.2500000000,53.7500000000
2414,66.2500000000,56.2500000000
2415,66.2500000000,58.7500000000
2416,66.2500000000,61.2500000000
2417,66.2500000000,63.7500000000
2418,66.2500000000,66.2500000000
2419,66.2500000000,68.7500000000
2420,66.2500000000,71.2500000000
2421,66.2500000000,73.7500000000
2422,66.2500000000,76.2500000000
2423,66.2500000000,78.7500000000
2424,66.2500000000,81.2500000000
2425,66.2500000000,83.7500000000
2426,66.2500000000,86.2500000000
2427,66.2500000000,88.7500000000
2428,66.2500000000,91.2500000000
2429,66.2500000000,93.7500000000
2430,66.2500000000,96.2500000000
2431,66.2500000000,98.7500000000
2432,66.2500000000,101.2500000000
2433,66.2500000000,103.7500000000
2434,66.2500000000,106.2500000000
2435,66.2500000000,108.7500000000
2436,66.2500000000,111.2500000000
2437,66.2500000000,113.7500000000
2438,66.2500000000,116.2500000000
2439,66.2500000000,118.7500000000
2440,66.2500000000,121.2500000000
2441,66.2500000000,123.7500000000
2442,66.2500000000,126.2500000000
2443,66.2500000000,128.7500000000
2444,66.2500000000,131.2500000000
2445,66.2500000000,133.7500000000
2446,66.2500000000,136.2500000000
2447,66.2500000000,138.7500000000
2448,66.2500000000,141.2500000000
2449,66.2500000000,143.7500000000
2450,66.2500000000,146.2500000000
2451,66.2500000000,148.7500000000
2452,66.2500000000,151.2500000000
2453,66.2500000000,153.7500000000
2454,66.2500000000,156.2500000000
2455,66.2500000000,158.7500000000
2456,66.2500000000,161.2500000000
2457,66.2500000000,163.7500000000
2458,66.2500000000,166.2500000000
2459,66.2500000000,168.7500000000
2460,66.2500000000,171.2500000000
2461,66.2500000000,173.7500000000
2462,66.2500000000,176.2500000000
2463,66.2500000000,178.7500000000
2464,66.2500000000,-178.7500000000
2465,66.2500000000,-176.2500000000
2466,66.2500000000,-173.7500000000
2467,66.2500000000,-171.2500000000
2468,66.2500000000,-166.2500000000
2469,66.2500000000,-163.7500000000
2470,66.2500000000,-161.2500000000
2471,66.2500000000,-158.7500000000
2472,66.2500000000,-156.2500000000
2473,66.2500000000,-153.7500000000
2474,66.2500000000,-151.2500000000
2475,66.2500000000,-148.7500000000
2476,66.2500000000,-146.2500000000
2477,66.2500000000,-143.7500000000
2478,66.2500000000,-141.2500000000
2479,66.2500000000,-138.7500000000
2480,66.2500000000,-136.2500000000
2481,66.2500000000,-133.7500000000
2482,66.2500000000,-131.2500000000
2483,66.2500000000,-128.7500000000
2484,66.2500000000,-126.2500000000
2485,66.2500000000,-123.7500000000
2486,66.2500000000,-121.2500000000
2487,66.2500000000,-118.7500000000
2488,66.2500000000,-116.2500000000
2489,66.2500000000,-113.7500000000
2490,66.2500000000,-111.2500000000
2491,66.2500000000,-108.7500000000
2492,66.2500000000,-106.2500000000
2493,66.2500000000,-103.7500000000
2494,66.2500000000,-101.2500000000
2495,66.2500000000,-98.7500000000
2496,66.2500000000,-96.2500000000
2497,66.2500000000,-93.7500000000
2498,66.2500000000,-91.2500000000
2499,66.2500000000,-88.7500000000
2500,66.2500000000,-86.2500000000
2501,66.2500000000,-83.7500000000
2502,66.2500000000,-81.2500000000
2503,66.2500000000,-76.2500000000
2504,66.2500000000,-73.7500000000
2505,66.2500000000,-71.2500000000
2506,66.2500000000,-68.7500000000
2507,66.2500000000,-66.2500000000
2508,66.2500000000,-63.7500000000
2509,66.2500000000,-53.7500000000
2510,66.2500000000,-51.2500000000
2511,66.2500000000,-48.7500000000
2512,66.2500000000,-46.2500000000
2513,66.2500000000,-43.7500000000
2514,66.2500000000,-41.2500000000
2515,66.2500000000,-38.7500000000
2516,66.2500000000,-36.2500000000
2517,66.2500000000,-33.7500000000
2518,66.2500000000,-23.7500000000
2519,66.2500000000,-21.2500000000
2520,66.2500000000,-18.7500000000
2521,66.2500000000,-16.2500000000
2522,66.2500000000,-13.7500000000
2523,68.7500000000,16.2500000000
2524,68.7500000000,18.7500000000
2525,68.7500000000,21.2500000000
2526,68.7500000000,23.7500000000
2527,68.7500000000,26.2500000000
2528,68.7500000000,28.7500000000
2529,68.7500000000,31.2500000000
2530,68.7500000000,33.7500000000
2531,68.7500000000,36.2500000000
2532,68.7500000000,38.7500000000
2533,68.7500000000,43.7500000000
2534,68.7500000000,46.2500000000
2535,68.7500000000,51.2500000000
2536,68.7500000000,53.7500000000
2537,68.7500000000,56.2500000000
2538,68.7500000000,58.7500000000
2539,68.7500000000,61.2500000000
2540,68.7500000000,63.7500000000
2541,68.7500000000,66.2500000000
2542,68.7500000000,68.7500000000
2543,68.7500000000,71.2500000000
2544,68.7500000000,73.7500000000
2545,68.7500000000,76.2500000000
2546,68.7500000000,78.7500000000
2547,68.7500000000,81.2500000000
2548,68.7500000000,83.7500000000
2549,68.7500000000,86.2500000000
2550,68.7500000000,88.7500000000
2551,68.7500000000,91.2500000000
2552,68.7500000000,93.7500000000
2553,68.7500000000,96.2500000000
2554,68.7500000000,98.7500000000
2555,68.7500000000,101.2500000000
2556,68.7500000000,103.7500000000
2557,68.7500000000,106.2500000000
2558,68.7500000000,108.7500000000
2559,68.7500000000,111.2500000000
2560,68.7500000000,113.7500000000
2561,68.7500000000,116.2500000000
2562,68.7500000000,118.7500000000
2563,68.7500000000,121.2500000000
2564,68.7500000000,123.7500000000
2565,68.7500000000,126.2500000000
2566,68.7500000000,128.7500000000
2567,68.7500000000,131.2500000000
2568,68.7500000000,133.7500000000
2569,68.7500000000,136.2500000000
2570,68.7500000000,138.7500000000
2571,68.7500000000,141.2500000000
2572,68.7500000000,143.7500000000
2573,68.7500000000,146.2500000000
2574,68.7500000000,148.7500000000
2575,68.7500000000,151.2500000000
2576,68.7500000000,153.7500000000
2577,68.7500000000,156.2500000000
2578,68.7500000000,158.7500000000
2579,68.7500000000,161.2500000000
2580,68.7500000000,163.7500000000
2581,68.7500000000,166.2500000000
2582,68.7500000000,168.7500000000
2583,68.7500000000,171.2500000000
2584,68.7500000000,173.7500000000
2585,68.7500000000,176.2500000000
2586,68.7500000000,178.7500000000
2587,68.7500000000,-178.7500000000
2588,68.7500000000,-166.2500000000
2589,68.7500000000,-163.7500000000
2590,68.7500000000,-161.2500000000
2591,68.7500000000,-158.7500000000
2592,68.7500000000,-156.2500000000
2593,68.7500000000,-153.7500000000
2594,68.7500000000,-151.2500000000
2595,68.7500000000,-148.7500000000
2596,68.7500000000,-146.2500000000
2597,68.7500000000,-143.7500000000
2598,68.7500000000,-141.2500000000
2599,68.7500000000,-138.7500000000
2600,68.7500000000,-136.2500000000
2601,68.7500000000,-133.7500000000
2602,68.7500000000,-131.2500000000
2603,68.7500000000,-128.7500000000
2604,68.7500000000,-126.2500000000
2605,68.7500000000,-123.7500000000
2606,68.7500000000,-121.2500000000
2607,68.7500000000,-118.7500000000
2608,68.7500000000,-116.2500000000
2609,68.7500000000,-113.7500000000
2610,68.7500000000,-111.2500000000
2611,68.7500000000,-108.7500000000
2612,68.7500000000,-106.2500000000
2613,68.7500000000,-103.7500000000
2614,68.7500000000,-101.2500000000
2615,68.7500000000,-98.7500000000
2616,68.7500000000,-96.2500000000
2617,68.7500000000,-93.7500000000
2618,68.7500000000,-91.2500000000
2619,68.7500000000,-88.7500000000
2620,68.7500000000,-86.2500000000
2621,68.7500000000,-83.7500000000
2622,68.7500000000,-81.2500000000
2623,68.7500000000,-76.2500000000
2624,68.7500000000,-73.7500000000
2625,68.7500000000,-71.2500000000
2626,68.7500000000,-68.7500000000
2627,68.7500000000,-66.2500000000
2628,68.7500000000,-53.7500000000
2629,68.7500000000,-51.2500000000
2630,68.7500000000,-48.7500000000
2631,68.7500000000,-46.2500000000
2632,68.7500000000,-43.7500000000
2633,68.7500000000,-41.2500000000
2634,68.7500000000,-38.7500000000
2635,68.7500000000,-36.2500000000
2636,68.7500000000,-33.7500000000
2637,68.7500000000,-31.2500000000
2638,68.7500000000,-28.7500000000
2639,68.7500000000,-26.2500000000
2640,68.7500000000,-23.7500000000
2641,71.2500000000,23.7500000000
2642,71.2500000000,26.2500000000
2643,71.2500000000,28.7500000000
2644,71.2500000000,51.2500000000
2645,71.2500000000,53.7500000000
2646,71.2500000000,56.2500000000
2647,71.2500000000,66.2500000000
2648,71.2500000000,68.7500000000
2649,71.2500000000,71.2500000000
2650,71.2500000000,73.7500000000
2651,71.2500000000,76.2500000000
2652,71.2500000000,78.7500000000
2653,71.2500000000,81.2500000000
2654,71.2500000000,83.7500000000
2655,71.2500000000,86.2500000000
2656,71.2500000000,88.7500000000
2657,71.2500000000,91.2500000000
2658,71.2500000000,93.7500000000
2659,71.2500000000,96.2500000000
2660,71.2500000000,98.7500000000
2661,71.2500000000,101.2500000000
2662,71.2500000000,103.7500000000
2663,71.2500000000,106.2500000000
2664,71.2500000000,108.7500000000
2665,71.2500000000,111.2500000000
2666,71.2500000000,113.7500000000
2667,71.2500000000,116.2500000000
2668,71.2500000000,118.7500000000
2669,71.2500000000,121.2500000000
2670,71.2500000000,123.7500000000
2671,71.2500000000,126.2500000000
2672,71.2500000000,128.7500000000
2673,71.2500000000,131.2500000000
2674,71.2500000000,133.7500000000
2675,71.2500000000,136.2500000000
2676,71.2500000000,138.7500000000
2677,71.2500000000,141.2500000000
2678,71.2500000000,143.7500000000
2679,71.2500000000,146.2500000000
2680,71.2500000000,148.7500000000
2681,71.2500000000,151.2500000000
2682,71.2500000000,153.7500000000
2683,71.2500000000,156.2500000000
2684,71.2500000000,158.7500000000
2685,71.2500000000,178.7500000000
2686,71.2500000000,-178.7500000000
2687,71.2500000000,-161.2500000000
2688,71.2500000000,-158.7500000000
2689,71.2500000000,-156.2500000000
2690,71.2500000000,-153.7500000000
2691,71.2500000000,-151.2500000000
2692,71.2500000000,-148.7500000000
2693,71.2500000000,-126.2500000000
2694,71.2500000000,-123.7500000000
2695,71.2500000000,-121.2500000000
2696,71.2500000000,-118.7500000000
2697,71.2500000000,-116.2500000000
2698,71.2500000000,-113.7500000000
2699,71.2500000000,-111.2500000000
2700,71.2500000000,-108.7500000000
2701,71.2500000000,-106.2500000000
2702,71.2500000000,-103.7500000000
2703,71.2500000000,-101.2500000000
2704,71.2500000000,-98.7500000000
2705,71.2500000000,-96.2500000000
2706,71.2500000000,-93.7500000000
2707,71.2500000000,-88.7500000000
2708,71.2500000000,-86.2500000000
2709,71.2500000000,-83.7500000000
2710,71.2500000000,-81.2500000000
2711,71.2500000000,-78.7500000000
2712,71.2500000000,-76.2500000000
2713,71.2500000000,-73.7500000000
2714,71.2500000000,-71.2500000000
2715,71.2500000000,-68.7500000000
2716,71.2500000000,-53.7500000000
2717,71.2500000000,-51.2500000000
2718,71.2500000000,-48.7500000000
2719,71.2500000000,-46.2500000000
2720,71.2500000000,-43.7500000000
2721,71.2500000000,-41.2500000000
2722,71.2500000000,-38.7500000000
2723,71.2500000000,-36.2500000000
2724,71.2500000000,-33.7500000000
2725,71.2500000000,-31.2500000000
2726,71.2500000000,-28.7500000000
2727,71.2500000000,-26.2500000000
2728,71.2500000000,-23.7500000000
2729,71.2500000000,-21.2500000000
2730,73.7500000000,53.7500000000
2731,73.7500000000,56.2500000000
2732,73.7500000000,58.7500000000
2733,73.7500000000,71.2500000000
2734,73.7500000000,81.2500000000
2735,73.7500000000,83.7500000000
2736,73.7500000000,86.2500000000
2737,73.7500000000,88.7500000000
2738,73.7500000000,91.2500000000
2739,73.7500000000,93.7500000000
2740,73.7500000000,96.2500000000
2741,73.7500000000,98.7500000000
2742,73.7500000000,101.2500000000
2743,73.7500000000,103.7500000000
2744,73.7500000000,106.2500000000
2745,73.7500000000,108.7500000000
2746,73.7500000000,111.2500000000
2747,73.7500000000,113.7500000000
2748,73.7500000000,116.2500000000
2749,73.7500000000,118.7500000000
2750,73.7500000000,121.2500000000
2751,73.7500000000,123.7500000000
2752,73.7500000000,126.2500000000
2753,73.7500000000,128.7500000000
2754,73.7500000000,141.2500000000
2755,73.7500000000,143.7500000000
2756,73.7500000000,-123.7500000000
2757,73.7500000000,-121.2500000000
2758,73.7500000000,-118.7500000000
2759,73.7500000000,-116.2500000000
2760,73.7500000000,-113.7500000000
2761,73.7500000000,-111.2500000000
2762,73.7500000000,-108.7500000000
2763,73.7500000000,-106.2500000000
2764,73.7500000000,-101.2500000000
2765,73.7500000000,-98.7500000000
2766,73.7500000000,-96.2500000000
2767,73.7500000000,-93.7500000000
2768,73.7500000000,-91.2500000000
2769,73.7500000000,-88.7500000000
2770,73.7500000000,-86.2500000000
2771,73.7500000000,-83.7500000000
2772,73.7500000000,-81.2500000000
2773,73.7500000000,-78.7500000000
2774,73.7500000000,-76.2500000000
2775,73.7500000000,-56.2500000000
2776,73.7500000000,-53.7500000000
2777,73.7500000000,-51.2500000000
2778,73.7500000000,-48.7500000000
2779,73.7500000000,-46.2500000000
2780,73.7500000000,-43.7500000000
2781,73.7500000000,-41.2500000000
2782,73.7500000000,-38.7500000000
2783,73.7500000000,-36.2500000000
2784,73.7500000000,-33.7500000000
2785,73.7500000000,-31.2500000000
2786,73.7500000000,-28.7500000000
2787,73.7500000000,-26.2500000000
2788,73.7500000000,-23.7500000000
2789,73.7500000000,-21.2500000000
2790,76.2500000000,16.2500000000
2791,76.2500000000,58.7500000000
2792,76.2500000000,61.2500000000
2793,76.2500000000,63.7500000000
2794,76.2500000000,66.2500000000
2795,76.2500000000,68.7500000000
2796,76.2500000000,88.7500000000
2797,76.2500000000,91.2500000000
2798,76.2500000000,93.7500000000
2799,76.2500000000,96.2500000000
2800,76.2500000000,98.7500000000
2801,76.2500000000,101.2500000000
2802,76.2500000000,103.7500000000
2803,76.2500000000,106.2500000000
2804,76.2500000000,108.7500000000
2805,76.2500000000,111.2500000000
2806,76.2500000000,113.7500000000
2807,76.2500000000,138.7500000000
2808,76.2500000000,141.2500000000
2809,76.2500000000,143.7500000000
2810,76.2500000000,148.7500000000
2811,76.2500000000,-121.2500000000
2812,76.2500000000,-118.7500000000
2813,76.2500000000,-116.2500000000
2814,76.2500000000,-113.7500000000
2815,76.2500000000,-111.2500000000
2816,76.2500000000,-108.7500000000
2817,76.2500000000,-106.2500000000
2818,76.2500000000,-101.2500000000
2819,76.2500000000,-98.7500000000
2820,76.2500000000,-96.2500000000
2821,76.2500000000,-93.7500000000
2822,76.2500000000,-91.2500000000
2823,76.2500000000,-88.7500000000
2824,76.2500000000,-86.2500000000
2825,76.2500000000,-83.7500000000
2826,76.2500000000,-81.2500000000
2827,76.2500000000,-78.7500000000
2828,76.2500000000,-68.7500000000
2829,76.2500000000,-66.2500000000
2830,76.2500000000,-63.7500000000
2831,76.2500000000,-61.2500000000
2832,76.2500000000,-58.7500000000
2833,76.2500000000,-56.2500000000
2834,76.2500000000,-53.7500000000
2835,76.2500000000,-51.2500000000
2836,76.2500000000,-48.7500000000
2837,76.2500000000,-46.2500000000
2838,76.2500000000,-43.7500000000
2839,76.2500000000,-41.2500000000
2840,76.2500000000,-38.7500000000
2841,76.2500000000,-36.2500000000
2842,76.2500000000,-33.7500000000
2843,76.2500000000,-31.2500000000
2844,76.2500000000,-28.7500000000
2845,76.2500000000,-26.2500000000
2846,76.2500000000,-23.7500000000
2847,76.2500000000,-21.2500000000
2848,76.2500000000,-18.7500000000
2849,78.7500000000,11.2500000000
2850,78.7500000000,13.7500000000
2851,78.7500000000,16.2500000000
2852,78.7500000000,18.7500000000
2853,78.7500000000,21.2500000000
2854,78.7500000000,23.7500000000
2855,78.7500000000,26.2500000000
2856,78.7500000000,93.7500000000
2857,78.7500000000,96.2500000000
2858,78.7500000000,98.7500000000
2859,78.7500000000,101.2500000000
2860,78.7500000000,103.7500000000
2861,78.7500000000,-111.2500000000
2862,78.7500000000,-103.7500000000
2863,78.7500000000,-101.2500000000
2864,78.7500000000,-98.7500000000
2865,78.7500000000,-96.2500000000
2866,78.7500000000,-93.7500000000
2867,78.7500000000,-91.2500000000
2868,78.7500000000,-88.7500000000
2869,78.7500000000,-86.2500000000
2870,78.7500000000,-83.7500000000
2871,78.7500000000,-81.2500000000
2872,78.7500000000,-78.7500000000
2873,78.7500000000,-76.2500000000
2874,78.7500000000,-73.7500000000
2875,78.7500000000,-71.2500000000
2876,78.7500000000,-68.7500000000
2877,78.7500000000,-66.2500000000
2878,78.7500000000,-63.7500000000
2879,78.7500000000,-61.2500000000
2880,78.7500000000,-58.7500000000
2881,78.7500000000,-56.2500000000
2882,78.7500000000,-53.7500000000
2883,78.7500000000,-51.2500000000
2884,78.7500000000,-48.7500000000
2885,78.7500000000,-46.2500000000
2886,78.7500000000,-43.7500000000
2887,78.7500000000,-41.2500000000
2888,78.7500000000,-38.7500000000
2889,78.7500000000,-36.2500000000
2890,78.7500000000,-33.7500000000
2891,78.7500000000,-31.2500000000
2892,78.7500000000,-28.7500000000
2893,78.7500000000,-26.2500000000
2894,78.7500000000,-23.7500000000
2895,78.7500000000,-21.2500000000
2896,78.7500000000,-18.7500000000
2897,81.2500000000,18.7500000000
2898,81.2500000000,21.2500000000
2899,81.2500000000,23.7500000000
2900,81.2500000000,26.2500000000
2901,81.2500000000,46.2500000000
2902,81.2500000000,48.7500000000
2903,81.2500000000,93.7500000000
2904,81.2500000000,96.2500000000
2905,81.2500000000,98.7500000000
2906,81.2500000000,-96.2500000000
2907,81.2500000000,-93.7500000000
2908,81.2500000000,-91.2500000000
2909,81.2500000000,-88.7500000000
2910,81.2500000000,-86.2500000000
2911,81.2500000000,-83.7500000000
2912,81.2500000000,-81.2500000000
2913,81.2500000000,-78.7500000000
2914,81.2500000000,-76.2500000000
2915,81.2500000000,-73.7500000000
2916,81.2500000000,-71.2500000000
2917,81.2500000000,-68.7500000000
2918,81.2500000000,-66.2500000000
2919,81.2500000000,-63.7500000000
2920,81.2500000000,-61.2500000000
2921,81.2500000000,-58.7500000000
2922,81.2500000000,-56.2500000000
2923,81.2500000000,-53.7500000000
2924,81.2500000000,-51.2500000000
2925,81.2500000000,-48.7500000000
2926,81.2500000000,-46.2500000000
2927,81.2500000000,-43.7500000000
2928,81.2500000000,-41.2500000000
2929,81.2500000000,-38.7500000000
2930,81.2500000000,-36.2500000000
2931,81.2500000000,-33.7500000000
2932,81.2500000000,-31.2500000000
2933,81.2500000000,-28.7500000000
2934,81.2500000000,-26.2500000000
2935,81.2500000000,-23.7500000000
2936,81.2500000000,-21.2500000000
2937,81.2500000000,-18.7500000000
2938,81.2500000000,-16.2500000000
2939,81.2500000000,-13.7500000000
2940,83.7500000000,-81.2500000000
2941,83.7500000000,-78.7500000000
2942,83.7500000000,-76.2500000000
2943,83.7500000000,-73.7500000000
2944,83.7500000000,-71.2500000000
2945,83.7500000000,-68.7500000000
2946,83.7500000000,-66.2500000000
2947,83.7500000000,-63.7500000000
2948,83.7500000000,-43.7500000000
2949,83.7500000000,-41.2500000000
2950,83.7500000000,-38.7500000000
2951,83.7500000000,-36.2500000000
2952,83.7500000000,-33.7500000000
2953,83.7500000000,-31.2500000000
2954,83.7500000000,-28.7500000000
2955,83.7500000000,-26.2500000000
2956,83.7500000000,-23.7500000000
